+,110_h6983,400180,rep
+,108_h273,400115,rep
+,106_h4733,400117,rep
+,110_hr43,400127,rep
+,108_h663,400165,rep
+,108_hr653,400111,rep
+,109_hr23,400195,rep
+,110_hr1433,400125,rep
+,111_hr543,400109,rep
+,108_hr653,400136,rep
-,109_hr283,400125,rep
+,105_hc133,400103,rep
+,111_h3763,400134,rep
+,108_hr213,400129,rep
+,108_h2993,400131,rep
+,110_h1593,400120,rep
+,111_hr1743,400108,rep
+,110_h1423,400158,rep
+,108_h1683,400167,rep
+,108_hc53,400178,rep
+,110_h3403,400172,rep
+,108_s3,400123,rep
+,109_h4973,400133,rep
-,102_s323,400116,rep
+,105_h2203,400153,rep
+,106_s2943,400119,rep
-,110_hr533,400137,rep
+,111_h4823,400103,rep
+,108_h4613,400159,rep
+,111_hc323,400101,rep
-,105_h3,400178,rep
+,103_h4603,400144,rep
+,111_s3473,400108,rep
-,109_h2123,400184,rep
-,106_hr263,400177,rep
+,105_h643,400182,rep
+,110_hr273,400182,rep
+,111_h1053,400134,rep
-,104_h743,400122,rep
+,110_hr493,400175,rep
0,108_s703,400163,rep
-,111_hc93,400158,rep
+,109_h2123,400150,rep
+,110_h1873,400195,rep
+,110_hc203,400130,rep
+,109_h5573,400182,rep
+,105_sc3,400115,rep
+,110_h6633,400131,rep
+,105_h2813,400179,rep
+,108_h663,400110,rep
+,109_hr193,400166,rep
0,111_hr1003,400102,rep
+,111_sc43,400102,rep
-,111_hc223,400171,rep
+,108_hc423,400109,rep
+,111_hr353,400183,rep
+,110_hr643,400131,rep
-,111_h3123,400110,rep
0,108_h5183,400170,rep
+,108_h2443,400149,rep
+,105_hr143,400190,rep
-,110_hr403,400113,rep
-,110_hr1433,400182,rep
-,109_h3,400134,rep
+,109_hc483,400167,rep
0,106_h4733,400124,rep
0,108_hc413,400105,rep
+,105_h3433,400122,rep
+,110_h2563,400170,rep
0,109_hr703,400182,rep
-,108_h4503,400122,rep
+,111_hr403,400111,rep
-,109_hr623,400184,rep
+,106_h573,400118,rep
0,111_hr1103,400166,rep
+,108_h253,400110,rep
+,110_h2563,400186,rep
+,111_hr183,400118,rep
+,110_hr273,400137,rep
+,106_s2323,400173,rep
+,106_h4033,400174,rep
+,109_hr723,400124,rep
+,110_hr273,400183,rep
+,108_h273,400191,rep
-,110_hr203,400196,rep
+,111_hr853,400118,rep
0,108_hr433,400130,rep
+,109_hr323,400141,rep
0,106_h673,400163,rep
-,106_hr503,400183,rep
+,109_s403,400115,rep
+,110_h2563,400100,rep
+,111_hc133,400100,rep
-,108_h743,400199,rep
+,109_h3893,400123,rep
-,111_hc133,400116,rep
+,109_h3673,400108,rep
-,102_s3,400104,rep
+,109_hr333,400171,rep
-,106_h853,400112,rep
+,110_h513,400178,rep
+,105_h1003,400191,rep
+,110_h1553,400186,rep
+,108_h3493,400134,rep
+,110_h3963,400180,rep
0,110_hr273,400132,rep
+,111_hr353,400157,rep
+,111_hc323,400175,rep
-,105_h2883,400133,rep
+,110_h3403,400158,rep
+,110_h3403,400152,rep
-,108_h253,400132,rep
+,109_h1463,400121,rep
+,111_hr453,400140,rep
+,105_h3,400154,rep
-,108_hr473,400177,rep
+,111_hr1383,400160,rep
+,108_s23,400110,rep
+,111_h5133,400119,rep
+,110_hr533,400129,rep
+,108_hr213,400167,rep
-,108_h163,400142,rep
+,108_hc413,400108,rep
+,111_hr1713,400176,rep
+,110_h363,400157,rep
+,108_hc413,400132,rep
+,106_hr303,400109,rep
+,108_h253,400144,rep
+,110_s2403,400111,rep
+,110_hr1173,400189,rep
+,106_s2323,400198,rep
-,102_h5333,400140,rep
+,105_hr143,400182,rep
+,105_h3853,400150,rep
-,105_hr433,400102,rep
+,110_h6493,400176,rep
+,111_h3763,400103,rep
+,105_h2813,400174,rep
+,111_hr273,400155,rep
+,111_hr893,400151,rep
+,105_h2203,400117,rep
-,111_hr653,400157,rep
+,109_h1463,400157,rep
+,111_hr1213,400154,rep
+,106_h1993,400104,rep
+,108_hc403,400187,rep
+,110_hr293,400163,rep
0,110_hr1243,400171,rep
+,110_h1773,400145,rep
+,108_h273,400154,rep
+,110_h513,400171,rep
+,109_h4843,400139,rep
+,109_h683,400129,rep
+,111_hc163,400101,rep
+,110_h1773,400171,rep
+,108_h4323,400196,rep
+,111_h1253,400183,rep
+,110_h5563,400185,rep
0,109_h503,400197,rep
+,110_h1483,400170,rep
-,105_h3,400187,rep
+,108_hr723,400179,rep
+,108_hc13,400156,rep
+,108_h923,400105,rep
+,109_h5253,400176,rep
+,110_h3043,400125,rep
-,109_h6143,400142,rep
-,109_h2863,400185,rep
+,109_h4843,400129,rep
+,103_h4003,400155,rep
+,111_s1793,400154,rep
+,111_hc223,400110,rep
+,108_h3723,400175,rep
+,105_h3,400106,rep
+,108_hc83,400176,rep
+,111_h5623,400189,rep
+,105_h3963,400149,rep
+,110_h2643,400103,rep
+,110_hr293,400196,rep
+,109_h5683,400115,rep
+,110_hr43,400177,rep
+,110_h3043,400198,rep
+,102_s3,400140,rep
-,110_hr1363,400123,rep
+,111_s383,400166,rep
+,109_h3283,400180,rep
+,110_h6003,400155,rep
+,109_hr523,400131,rep
+,109_h5013,400145,rep
+,108_h3873,400187,rep
+,106_hc213,400133,rep
+,111_h5013,400154,rep
+,102_h5333,400189,rep
+,106_hr433,400136,rep
+,109_h3673,400118,rep
+,110_hr663,400175,rep
-,110_hc103,400157,rep
+,110_hc103,400103,rep
+,106_hr443,400123,rep
+,110_h2643,400198,rep
+,110_hr203,400155,rep
+,111_hr1743,400129,rep
+,111_h813,400177,rep
+,108_h4663,400153,rep
+,108_hj73,400154,rep
+,109_h3,400183,rep
0,110_h5613,400190,rep
+,108_hc13,400199,rep
+,105_s1733,400142,rep
-,106_hj103,400177,rep
+,109_h5573,400148,rep
-,110_h3,400127,rep
+,105_h2343,400100,rep
+,109_h1053,400119,rep
+,110_h493,400125,rep
0,105_h3,400171,rep
+,108_s763,400174,rep
+,108_hc13,400127,rep
+,109_h5013,400140,rep
+,110_h1553,400183,rep
-,110_hr383,400139,rep
+,108_s763,400118,rep
+,111_h3993,400179,rep
+,101_h4793,400122,rep
+,108_hj73,400114,rep
+,105_hr383,400119,rep
+,106_h3073,400136,rep
+,109_h2563,400103,rep
-,108_h273,400141,rep
-,105_h2003,400174,rep
+,109_hr323,400198,rep
+,108_hr423,400153,rep
-,108_h3193,400125,rep
-,106_hr103,400152,rep
+,110_hr643,400118,rep
+,110_hr553,400165,rep
-,106_hr103,400189,rep
+,106_h1993,400183,rep
+,108_h253,400149,rep
-,110_hr1363,400172,rep
-,102_h5373,400156,rep
+,105_h1853,400124,rep
+,111_h5993,400160,rep
-,111_hc93,400151,rep
+,108_hc423,400168,rep
+,106_h833,400150,rep
+,108_h3783,400196,rep
+,109_h3283,400149,rep
-,109_s203,400175,rep
-,105_hr193,400112,rep
+,108_hr153,400138,rep
+,108_hc83,400108,rep
+,111_hr1743,400189,rep
+,110_h1773,400120,rep
-,111_hr1083,400154,rep
+,110_h2563,400107,rep
+,106_h573,400152,rep
+,108_h3783,400122,rep
0,110_h4253,400111,rep
+,110_hr453,400118,rep
+,110_hr943,400196,rep
+,108_hc423,400162,rep
+,111_hr453,400157,rep
+,110_s2403,400155,rep
+,109_h1053,400160,rep
+,110_hr233,400155,rep
+,108_s763,400112,rep
+,109_hr323,400167,rep
+,111_h1053,400124,rep
0,111_h4773,400182,rep
-,106_hr323,400110,rep
-,108_hr473,400189,rep
-,109_h6143,400184,rep
+,109_hr783,400115,rep
+,109_h3,400162,rep
+,110_hc203,400190,rep
-,106_hr423,400126,rep
+,106_hr103,400153,rep
+,102_h2893,400188,rep
-,108_h2673,400145,rep
+,109_h6143,400158,rep
+,105_h3963,400116,rep
+,108_h273,400142,rep
+,110_hr1363,400140,rep
+,111_h813,400166,rep
+,109_hr553,400113,rep
-,109_hr783,400184,rep
+,109_h2863,400191,rep
+,109_h6033,400196,rep
0,105_h3433,400188,rep
-,110_h363,400116,rep
+,109_h5253,400166,rep
+,110_h1483,400122,rep
+,108_h3313,400171,rep
+,101_s933,400192,rep
0,110_hr1363,400190,rep
+,106_h193,400110,rep
+,111_h4213,400118,rep
+,106_h673,400100,rep
-,103_h2333,400192,rep
-,109_s2803,400111,rep
-,111_h4213,400142,rep
+,108_h4363,400156,rep
+,109_hr783,400116,rep
+,106_hr563,400176,rep
-,105_h2183,400113,rep
-,110_hr1343,400145,rep
+,108_s273,400107,rep
-,103_h3,400180,rep
+,108_h4323,400126,rep
+,108_hc83,400173,rep
+,105_h3,400116,rep
+,109_hr343,400199,rep
+,106_h3073,400194,rep
+,109_hc483,400137,rep
+,111_hr1213,400177,rep
+,108_h1683,400123,rep
+,111_h5623,400155,rep
+,108_s273,400122,rep
+,108_h3733,400151,rep
-,105_h2883,400170,rep
+,108_h3783,400164,rep
+,109_h4843,400125,rep
+,105_h2863,400114,rep
+,105_h2813,400149,rep
-,110_hc293,400141,rep
-,111_h3123,400152,rep
+,106_h2723,400148,rep
+,110_hc283,400153,rep
+,109_s403,400180,rep
+,105_hr463,400111,rep
+,109_hr23,400176,rep
-,106_hj103,400182,rep
-,101_h3533,400156,rep
+,108_hr153,400108,rep
+,106_h573,400127,rep
+,111_hr103,400155,rep
+,106_h573,400163,rep
0,111_hr153,400183,rep
-,108_h743,400157,rep
+,111_hr413,400114,rep
+,111_hr353,400108,rep
+,106_hr263,400173,rep
+,109_h3673,400133,rep
+,108_hc13,400175,rep
+,108_h3783,400141,rep
-,111_hc293,400142,rep
+,108_s763,400126,rep
+,109_h2123,400196,rep
0,109_h5143,400152,rep
-,109_s403,400111,rep
+,108_h273,400199,rep
+,108_h3723,400184,rep
+,110_h3403,400176,rep
-,109_hr783,400102,rep
+,108_h273,400133,rep
+,111_hr413,400165,rep
+,103_h4453,400197,rep
+,111_h813,400182,rep
+,108_hr653,400168,rep
+,110_hr1133,400139,rep
+,108_h5183,400186,rep
+,111_h3123,400171,rep
+,108_h1683,400176,rep
-,110_hr1253,400145,rep
+,109_hr283,400186,rep
+,106_hr303,400122,rep
+,106_hr103,400121,rep
+,108_h4053,400156,rep
+,109_hr673,400150,rep
+,101_h3533,400115,rep
+,111_h403,400109,rep
+,108_hc53,400120,rep
+,109_hr383,400126,rep
+,110_hr933,400120,rep
+,103_h873,400174,rep
-,110_hr383,400190,rep
+,109_s203,400150,rep
+,108_hc13,400158,rep
+,110_hc283,400102,rep
+,109_hr703,400186,rep
+,111_hr1133,400107,rep
0,109_hr623,400149,rep
+,109_hr383,400197,rep
+,111_hr1613,400137,rep
+,108_s703,400112,rep
-,110_h3,400180,rep
+,110_h923,400103,rep
+,111_h3993,400170,rep
+,105_h3,400164,rep
0,108_hr433,400165,rep
-,108_h3193,400162,rep
+,102_h3033,400143,rep
+,111_hc123,400145,rep
+,111_hr1613,400177,rep
+,105_h1003,400143,rep
+,109_s403,400121,rep
+,108_s763,400102,rep
-,108_h1463,400152,rep
+,111_s1793,400122,rep
+,111_hr573,400198,rep
-,106_hr503,400193,rep
+,103_h4003,400174,rep
+,109_h6143,400164,rep
+,105_hr463,400138,rep
+,105_h1663,400121,rep
+,108_hc53,400144,rep
+,108_h4663,400151,rep
+,109_s203,400111,rep
+,110_hr1243,400125,rep
+,105_h1853,400153,rep
+,108_h3783,400131,rep
+,108_h5183,400110,rep
+,109_h6033,400192,rep
+,110_h4253,400184,rep
+,110_hr273,400149,rep
-,110_hr533,400131,rep
+,108_h3783,400121,rep
+,108_h4363,400109,rep
+,111_h3183,400130,rep
+,111_h5013,400140,rep
-,110_h1483,400131,rep
+,111_hr413,400160,rep
+,108_hc13,400110,rep
-,103_h4003,400165,rep
+,111_h1243,400170,rep
+,109_h1053,400178,rep
+,105_h2863,400188,rep
+,110_h1553,400163,rep
+,109_h6033,400148,rep
+,106_h3313,400191,rep
+,111_s1963,400133,rep
+,108_hr713,400185,rep
+,108_h2443,400113,rep
+,110_h3773,400177,rep
-,110_hr793,400145,rep
+,111_hr1103,400102,rep
-,111_h4823,400154,rep
+,109_hr703,400123,rep
-,109_hc483,400166,rep
+,108_s3,400156,rep
+,110_h1593,400100,rep
+,108_hr453,400137,rep
+,111_hr1513,400155,rep
+,105_h2493,400118,rep
-,109_hc483,400140,rep
+,108_s3,400173,rep
+,111_h4213,400178,rep
-,110_h3,400131,rep
-,108_h2673,400159,rep
+,109_hr383,400195,rep
+,109_hr723,400176,rep
+,109_h1463,400195,rep
+,106_h4583,400183,rep
-,111_h4003,400158,rep
+,110_h1423,400141,rep
+,108_hr723,400111,rep
+,105_h1663,400179,rep
-,109_hr623,400186,rep
+,111_hr83,400109,rep
+,106_s2323,400107,rep
+,108_h2673,400104,rep
+,110_hr1133,400120,rep
+,111_hr1543,400119,rep
-,110_h3773,400137,rep
+,110_hr1363,400133,rep
+,108_hr153,400182,rep
+,109_hr333,400185,rep
+,106_hr103,400135,rep
-,109_h3893,400140,rep
+,109_h5573,400191,rep
+,106_hr433,400178,rep
-,105_h2003,400126,rep
+,111_hc163,400100,rep
+,111_h5873,400116,rep
+,108_h3733,400147,rep
+,108_s763,400157,rep
+,110_hr203,400183,rep
-,105_hr393,400133,rep
+,110_h2693,400111,rep
+,108_h4363,400186,rep
+,105_h643,400154,rep
0,110_hr553,400155,rep
+,105_h2863,400171,rep
+,106_s2323,400142,rep
+,108_s703,400121,rep
+,109_hr673,400171,rep
+,109_h5683,400132,rep
+,109_s2803,400184,rep
+,108_h3783,400107,rep
-,106_hj33,400130,rep
+,111_hr353,400176,rep
+,111_h1913,400170,rep
-,110_h3963,400190,rep
-,111_hr1203,400175,rep
+,105_h1853,400125,rep
-,108_h4503,400129,rep
+,109_s203,400100,rep
+,109_hr23,400172,rep
+,105_h4103,400178,rep
-,109_h5683,400195,rep
+,103_h4603,400189,rep
+,108_hc53,400165,rep
-,110_hr793,400158,rep
+,108_hr653,400160,rep
+,105_s2073,400109,rep
+,109_h5013,400125,rep
+,109_h1463,400124,rep
-,106_hr503,400122,rep
+,108_h3493,400156,rep
-,110_h6063,400134,rep
+,108_hr723,400105,rep
+,111_hr1133,400176,rep
+,111_hr653,400118,rep
-,108_h3313,400184,rep
-,108_hc393,400193,rep
0,108_h663,400149,rep
-,108_hj83,400142,rep
+,110_hc203,400110,rep
+,111_h1253,400158,rep
+,108_hr153,400174,rep
+,110_h3093,400162,rep
+,108_hc403,400117,rep
+,108_h2993,400142,rep
+,109_hr383,400183,rep
0,111_hr413,400162,rep
+,101_h3533,400122,rep
+,106_h1883,400127,rep
-,111_h4213,400137,rep
+,110_h3093,400160,rep
-,106_h853,400103,rep
+,109_h513,400157,rep
+,109_h323,400167,rep
+,109_hr703,400185,rep
0,108_h4363,400170,rep
+,105_h643,400121,rep
+,110_h1553,400154,rep
+,106_hr563,400139,rep
+,105_h1003,400111,rep
+,109_hr553,400180,rep
+,109_h3,400126,rep
+,108_h3193,400175,rep
-,108_h163,400151,rep
+,108_h1463,400153,rep
+,108_hc423,400149,rep
+,105_h1853,400169,rep
+,108_hr653,400149,rep
+,110_hr1343,400133,rep
+,109_hr23,400199,rep
+,108_hc403,400157,rep
+,111_h1053,400140,rep
+,108_hj73,400161,rep
0,109_hr323,400138,rep
+,108_h1683,400190,rep
+,108_hc423,400110,rep
-,110_h5613,400141,rep
+,102_h2893,400122,rep
+,108_s703,400130,rep
+,111_hr403,400152,rep
+,111_h1933,400109,rep
+,111_h5013,400195,rep
+,109_h3,400185,rep
+,105_hr193,400197,rep
+,105_h4103,400192,rep
-,111_h3123,400114,rep
+,111_h1253,400133,rep
+,106_h3313,400188,rep
+,111_hr593,400198,rep
+,105_h3853,400106,rep
+,108_h3313,400134,rep
-,105_h3,400138,rep
+,105_hr193,400123,rep
-,108_h4513,400109,rep
+,106_hr433,400116,rep
+,108_hc53,400172,rep
+,111_hc123,400107,rep
+,101_h4793,400116,rep
+,105_h3,400183,rep
+,108_hc53,400143,rep
+,108_h3313,400197,rep
+,106_hc253,400197,rep
-,105_h2003,400123,rep
+,109_hr193,400158,rep
+,106_hr433,400110,rep
+,111_hr453,400107,rep
+,108_hc413,400142,rep
+,109_h5013,400136,rep
+,109_h6143,400103,rep
+,111_hr1003,400125,rep
-,111_h3293,400175,rep
+,111_hr1613,400111,rep
+,111_s1793,400196,rep
+,110_hc193,400110,rep
-,106_hr563,400102,rep
-,105_h2493,400163,rep
+,111_h4773,400185,rep
+,109_h513,400169,rep
-,110_hc103,400139,rep
+,108_h3193,400113,rep
0,106_hr253,400178,rep
0,108_h3873,400110,rep
+,110_hr1323,400155,rep
+,110_hc293,400186,rep
+,109_h3283,400150,rep
+,109_hr673,400107,rep
+,110_hr493,400163,rep
-,108_h3313,400179,rep
+,111_hr1713,400196,rep
+,103_h4003,400189,rep
+,106_h3313,400140,rep
P,111_hr893,400100,rep
+,111_h4173,400111,rep
+,110_hr663,400103,rep
+,110_hr1433,400170,rep
+,108_h2993,400145,rep
+,105_h1003,400160,rep
+,108_h3493,400139,rep
+,110_hr923,400154,rep
+,109_h3283,400167,rep
+,108_s273,400158,rep
-,105_hr193,400138,rep
+,109_h4843,400131,rep
+,109_hr293,400197,rep
+,111_hc323,400183,rep
+,108_hr213,400115,rep
+,105_hr283,400106,rep
+,109_h5253,400127,rep
+,105_s1733,400153,rep
-,101_h3533,400150,rep
+,111_h5013,400114,rep
+,111_h403,400108,rep
0,108_h3193,400146,rep
+,105_hr573,400157,rep
+,108_h2673,400158,rep
+,110_hr1113,400157,rep
+,109_h683,400193,rep
+,111_h813,400183,rep
+,106_h4033,400172,rep
+,109_h1463,400131,rep
+,105_hc133,400188,rep
+,108_h2143,400197,rep
+,109_hr673,400130,rep
0,109_hr553,400191,rep
+,110_hc193,400182,rep
+,105_h2343,400116,rep
+,109_hr703,400191,rep
-,109_hr623,400122,rep
+,111_hr863,400165,rep
+,108_hr153,400125,rep
+,108_h5183,400145,rep
+,108_h5213,400106,rep
+,109_h5143,400175,rep
+,111_s1963,400193,rep
-,103_h3433,400182,rep
+,106_h3293,400155,rep
+,108_hc13,400102,rep
+,105_h2343,400109,rep
-,111_hc223,400147,rep
P,105_hr433,400100,rep
+,110_hr233,400152,rep
+,105_h3433,400110,rep
+,106_h2723,400129,rep
0,108_h3723,400190,rep
0,111_hr1613,400102,rep
+,108_s703,400144,rep
+,110_h3793,400141,rep
+,108_s3,400116,rep
+,109_h3893,400159,rep
+,110_hr293,400154,rep
-,110_hr1253,400108,rep
+,108_h273,400103,rep
+,111_hr1743,400184,rep
+,102_hr423,400118,rep
+,109_h503,400124,rep
-,109_h2123,400133,rep
+,108_h13,400119,rep
+,111_hr783,400111,rep
+,105_hc213,400117,rep
-,110_h4253,400134,rep
-,105_s2133,400109,rep
+,111_h5873,400158,rep
+,110_h1423,400171,rep
+,110_s2403,400113,rep
+,111_hr353,400165,rep
+,111_sc43,400198,rep
+,105_sc3,400197,rep
+,108_h5183,400119,rep
+,105_hr393,400176,rep
+,109_h3673,400131,rep
+,109_h5573,400189,rep
+,109_s203,400136,rep
+,111_hr453,400130,rep
0,108_h3493,400144,rep
+,106_h4733,400113,rep
+,111_sc43,400100,rep
+,108_h5213,400112,rep
+,110_hr1063,400121,rep
+,108_h3783,400124,rep
+,110_hr233,400199,rep
+,110_hr1133,400199,rep
+,106_s2323,400177,rep
+,108_h1463,400141,rep
0,108_h1533,400130,rep
+,109_hr333,400145,rep
+,108_hr423,400176,rep
+,109_h1053,400134,rep
+,111_h1053,400195,rep
+,105_h1853,400130,rep
+,111_h5133,400195,rep
-,109_h5683,400103,rep
+,110_hr793,400199,rep
+,108_h743,400194,rep
+,108_hj73,400101,rep
-,106_hj103,400189,rep
+,109_hr283,400176,rep
+,106_hr273,400123,rep
-,105_h3963,400118,rep
+,111_hc323,400196,rep
+,109_h1973,400109,rep
+,111_h5993,400116,rep
+,111_hr853,400122,rep
-,111_h3293,400165,rep
+,103_h4003,400140,rep
+,110_hr663,400124,rep
+,106_h193,400143,rep
-,111_sc13,400107,rep
-,108_s3,400163,rep
+,101_h5803,400110,rep
+,109_s203,400119,rep
+,106_h3293,400152,rep
+,106_h4163,400123,rep
+,108_h4663,400134,rep
+,109_hr553,400157,rep
+,110_hr553,400120,rep
+,110_h5613,400120,rep
+,109_hc483,400134,rep
+,108_h2443,400176,rep
0,108_h1463,400150,rep
+,108_s3,400104,rep
+,108_h4053,400168,rep
+,108_h4323,400176,rep
-,111_hr1083,400158,rep
+,111_hr273,400130,rep
+,105_s1733,400117,rep
-,106_hr503,400133,rep
+,111_h813,400118,rep
+,110_s793,400120,rep
+,111_h5133,400193,rep
+,105_h3433,400171,rep
+,109_hr283,400132,rep
+,108_hc403,400103,rep
+,111_h5623,400111,rep
+,103_h873,400191,rep
+,108_hc403,400191,rep
+,108_h3733,400178,rep
+,109_s2803,400101,rep
+,108_h5183,400192,rep
+,111_hc323,400129,rep
+,105_h2183,400101,rep
+,111_h1243,400103,rep
+,108_h5213,400168,rep
+,105_hr563,400163,rep
+,108_hr473,400165,rep
+,107_h5093,400135,rep
+,106_hr273,400135,rep
-,108_h163,400157,rep
-,109_h4893,400133,rep
+,109_h5573,400125,rep
+,109_h3673,400149,rep
+,106_h2723,400126,rep
+,111_hr1513,400125,rep
-,108_h3193,400102,rep
+,111_h5623,400147,rep
+,111_hr573,400109,rep
+,109_h3673,400178,rep
+,106_h1993,400130,rep
-,108_h4323,400186,rep
+,106_hr443,400146,rep
+,109_hr673,400191,rep
+,109_h1463,400151,rep
+,105_h4103,400149,rep
-,103_h3,400113,rep
+,110_hr1103,400109,rep
+,109_h3673,400126,rep
+,109_h4973,400193,rep
+,108_h3313,400131,rep
+,108_h3873,400115,rep
+,108_hc393,400144,rep
+,111_hc93,400125,rep
+,111_h4773,400160,rep
-,106_hr423,400111,rep
+,111_h1243,400116,rep
+,108_s23,400106,rep
+,108_hr433,400140,rep
+,109_hr343,400182,rep
+,111_h813,400176,rep
0,108_h3733,400195,rep
-,106_hj103,400123,rep
-,111_hc133,400137,rep
+,110_h6063,400178,rep
+,110_hr1103,400133,rep
-,106_hr323,400129,rep
+,106_hr303,400102,rep
+,108_h1533,400193,rep
-,110_hr203,400113,rep
0,111_h4773,400114,rep
+,106_hr273,400169,rep
+,108_sc43,400143,rep
+,111_h1243,400110,rep
+,105_sc3,400136,rep
+,106_h3313,400130,rep
+,110_hc293,400195,rep
+,108_h3733,400143,rep
0,108_s703,400188,rep
0,108_s763,400162,rep
+,111_hr893,400140,rep
+,111_h4773,400178,rep
+,108_h253,400103,rep
+,108_hc53,400171,rep
+,106_h4033,400170,rep
-,106_hr253,400163,rep
+,108_hr723,400168,rep
+,109_h3673,400157,rep
+,108_h923,400108,rep
+,109_hr293,400154,rep
-,109_hr783,400193,rep
-,111_hr903,400134,rep
+,109_h4973,400198,rep
-,108_h3313,400186,rep
+,108_hc413,400130,rep
+,110_h2563,400130,rep
+,105_s1733,400102,rep
+,106_hr103,400119,rep
+,108_s703,400127,rep
+,108_h4363,400118,rep
-,105_h1003,400101,rep
+,109_hr703,400197,rep
+,110_h1873,400125,rep
+,108_h273,400135,rep
+,102_h5503,400144,rep
-,105_hr573,400100,rep
-,105_hr283,400130,rep
+,109_h3283,400193,rep
+,110_hr553,400196,rep
+,106_h853,400173,rep
+,109_s2803,400102,rep
+,108_hr713,400144,rep
-,111_hc293,400107,rep
+,105_h1853,400150,rep
+,105_h2003,400116,rep
-,110_hr383,400158,rep
+,110_hr553,400154,rep
+,109_h4893,400180,rep
+,109_h6033,400172,rep
-,110_h2693,400108,rep
+,110_hr1243,400134,rep
+,110_h6493,400145,rep
+,108_hr723,400126,rep
+,110_hr453,400124,rep
+,109_hr673,400108,rep
+,101_h4323,400169,rep
+,101_h5803,400126,rep
-,110_hr383,400123,rep
+,111_hr593,400134,rep
+,111_sc13,400162,rep
+,110_hr933,400132,rep
+,110_h3093,400120,rep
-,106_h853,400140,rep
+,111_hr893,400145,rep
+,111_h3993,400171,rep
+,110_h2643,400184,rep
+,110_h1553,400184,rep
+,108_hc373,400132,rep
+,108_h923,400163,rep
0,110_hr293,400155,rep
+,111_hr1103,400175,rep
-,110_hr203,400119,rep
+,110_hr1133,400133,rep
+,106_h5203,400152,rep
+,110_h363,400142,rep
+,111_sc13,400183,rep
+,111_hr1083,400111,rep
-,105_h3963,400133,rep
-,106_hj33,400101,rep
+,110_h1143,400114,rep
+,109_h683,400148,rep
+,110_s2403,400166,rep
-,111_h3293,400171,rep
+,108_hr453,400173,rep
+,106_hr253,400121,rep
+,108_hc413,400136,rep
-,105_hr383,400155,rep
+,111_h1913,400195,rep
-,109_s403,400160,rep
+,110_h1773,400108,rep
+,108_s273,400193,rep
0,108_sc43,400191,rep
+,109_h1463,400167,rep
-,106_h833,400110,rep
+,111_s3473,400147,rep
+,111_h1913,400177,rep
-,110_hr203,400141,rep
-,110_hr793,400177,rep
+,105_h1003,400103,rep
+,106_hr103,400192,rep
+,101_h4793,400144,rep
-,108_hj83,400184,rep
-,103_h3,400176,rep
+,101_h5313,400140,rep
+,110_h1773,400121,rep
+,105_h3853,400116,rep
-,106_h1993,400172,rep
+,108_hc83,400152,rep
+,106_hr563,400165,rep
+,111_h1913,400185,rep
-,105_hr383,400163,rep
+,108_h4323,400171,rep
+,108_hr213,400142,rep
+,111_hr593,400133,rep
+,109_hr283,400151,rep
+,108_hc83,400172,rep
-,108_h273,400153,rep
-,109_h3893,400122,rep
+,109_h4973,400108,rep
+,111_hr103,400145,rep
+,110_hc203,400122,rep
+,108_s763,400166,rep
0,109_s203,400122,rep
-,110_hr453,400171,rep
+,110_h3963,400118,rep
-,103_h3433,400174,rep
+,105_hr393,400164,rep
+,111_hc123,400177,rep
+,109_h5573,400158,rep
+,109_h5143,400119,rep
+,109_s2803,400162,rep
+,108_h3873,400140,rep
+,109_h6033,400122,rep
+,110_hr793,400183,rep
-,105_sc3,400130,rep
+,108_hc13,400109,rep
+,109_hr343,400109,rep
+,108_h13,400101,rep
+,111_hr43,400196,rep
+,105_h2343,400133,rep
+,110_hr793,400163,rep
+,105_h2813,400173,rep
+,106_h573,400183,rep
-,110_h1483,400134,rep
+,108_h2673,400117,rep
+,109_s2803,400190,rep
+,111_hc223,400100,rep
+,106_hr323,400176,rep
+,108_hc83,400195,rep
+,108_hc373,400181,rep
+,109_hr673,400183,rep
+,110_h1483,400166,rep
-,109_h5013,400130,rep
+,109_h4973,400175,rep
-,108_h163,400126,rep
+,106_s2323,400110,rep
+,108_hc53,400126,rep
+,106_hr503,400154,rep
-,108_h4053,400194,rep
-,101_s1413,400116,rep
+,105_h1663,400130,rep
+,108_h253,400195,rep
-,110_hr1343,400180,rep
+,106_h3293,400159,rep
+,109_h2863,400148,rep
+,110_hr1323,400142,rep
+,108_h663,400100,rep
+,105_hr463,400125,rep
+,108_sc43,400182,rep
+,111_hr543,400176,rep
0,110_h2563,400191,rep
-,105_s2133,400170,rep
-,108_hj83,400181,rep
+,110_hr663,400189,rep
+,106_h573,400199,rep
+,111_h4773,400102,rep
P,108_hr713,400111,rep
+,110_h1593,400193,rep
+,109_h1053,400130,rep
+,106_hr433,400138,rep
+,110_hr933,400115,rep
+,110_s2403,400118,rep
+,111_h1053,400129,rep
+,108_h5183,400168,rep
+,110_h6853,400184,rep
+,108_h4053,400181,rep
+,110_hr933,400155,rep
+,111_hr1203,400122,rep
+,111_h4823,400101,rep
-,111_h4173,400145,rep
+,109_h6033,400165,rep
+,105_hr193,400176,rep
+,109_hr333,400125,rep
+,103_h4003,400156,rep
+,102_h3033,400109,rep
+,108_hc83,400129,rep
+,105_h3853,400173,rep
0,109_s203,400196,rep
+,106_hc253,400149,rep
+,110_h3403,400163,rep
+,109_h2123,400164,rep
+,111_h1243,400183,rep
+,102_h3603,400100,rep
+,110_hr643,400123,rep
+,111_h1243,400151,rep
+,107_hr523,400135,rep
+,108_h273,400174,rep
+,108_hc53,400155,rep
+,106_hc213,400106,rep
+,108_hr723,400134,rep
+,108_s703,400129,rep
-,110_hr203,400180,rep
-,108_hc393,400114,rep
+,110_hr1133,400113,rep
+,111_hr893,400125,rep
-,111_h4213,400116,rep
+,109_h1973,400157,rep
+,110_hr943,400180,rep
+,109_h3283,400158,rep
+,108_h3873,400136,rep
+,111_h5873,400165,rep
+,109_h683,400121,rep
+,111_h1253,400178,rep
+,110_hr273,400113,rep
+,111_hr1513,400111,rep
+,108_h2143,400147,rep
+,108_h4363,400171,rep
+,109_h5013,400186,rep
+,108_h4053,400143,rep
+,106_hr273,400156,rep
+,109_h5253,400147,rep
+,108_h1533,400175,rep
+,102_h4323,400110,rep
0,109_hr673,400126,rep
0,108_h4323,400158,rep
+,110_hr793,400103,rep
+,110_h1873,400100,rep
-,111_hr573,400154,rep
+,108_h4323,400137,rep
-,103_h4603,400154,rep
+,108_h2673,400171,rep
+,108_h2443,400166,rep
+,108_hr213,400178,rep
-,110_hr453,400132,rep
+,108_hr433,400119,rep
+,108_hc13,400162,rep
+,108_s763,400133,rep
+,109_h2123,400197,rep
+,105_hr563,400169,rep
+,109_hr723,400157,rep
+,105_hr463,400126,rep
+,110_h1143,400180,rep
+,110_hr1173,400115,rep
0,108_h13,400191,rep
+,106_s613,400100,rep
+,111_h3183,400170,rep
+,102_h2893,400150,rep
+,105_hr563,400148,rep
+,108_h3313,400182,rep
-,111_hc163,400134,rep
+,105_sc3,400171,rep
+,108_s3,400168,rep
+,108_hr423,400199,rep
+,108_hc373,400102,rep
+,108_h253,400138,rep
+,110_hr1243,400185,rep
+,110_hc283,400195,rep
-,105_h4193,400126,rep
+,105_hr433,400190,rep
+,109_s203,400171,rep
-,102_h5333,400174,rep
0,109_h1463,400142,rep
+,105_hc213,400104,rep
+,110_hr533,400166,rep
+,108_hj83,400100,rep
+,105_h2203,400109,rep
+,110_hr1323,400130,rep
+,108_h1533,400106,rep
+,109_hr343,400180,rep
+,110_h1873,400198,rep
+,106_h193,400109,rep
0,109_h3893,400102,rep
+,108_hj73,400117,rep
+,105_hr463,400153,rep
+,110_hr793,400193,rep
+,106_h573,400170,rep
+,108_s3,400155,rep
+,111_h1253,400100,rep
+,111_h5133,400141,rep
+,111_sc43,400109,rep
+,108_hr653,400172,rep
-,111_h3293,400116,rep
-,105_h4193,400110,rep
+,108_h2143,400165,rep
+,109_hr623,400182,rep
-,109_h4893,400186,rep
+,106_h4583,400111,rep
+,111_hr153,400158,rep
-,105_h2883,400138,rep
+,106_h3313,400193,rep
+,105_h3963,400150,rep
-,109_h3283,400186,rep
+,108_h5183,400111,rep
+,106_h4583,400105,rep
+,109_h683,400176,rep
+,111_s383,400195,rep
-,103_h2473,400197,rep
+,110_hr943,400120,rep
+,111_h4003,400114,rep
+,111_hr413,400125,rep
+,110_h5613,400162,rep
+,108_h4503,400118,rep
+,111_hr1173,400152,rep
+,109_h323,400148,rep
+,110_hr643,400149,rep
+,103_h4453,400110,rep
-,111_hr1203,400182,rep
-,105_s2133,400138,rep
+,106_s2323,400112,rep
+,105_h4103,400127,rep
+,105_h1853,400140,rep
0,110_h3963,400144,rep
+,111_h4773,400195,rep
+,108_hr423,400168,rep
+,111_h3763,400144,rep
+,108_h13,400177,rep
-,110_hr683,400153,rep
+,110_h363,400186,rep
+,108_h13,400131,rep
+,109_h6143,400107,rep
+,108_hr713,400166,rep
-,106_h833,400163,rep
+,110_h3793,400124,rep
+,110_h493,400124,rep
+,110_h5563,400158,rep
+,111_hr783,400196,rep
+,108_h4053,400104,rep
-,110_h3093,400113,rep
+,108_h273,400111,rep
+,108_s3,400147,rep
-,109_hr783,400160,rep
+,108_h1533,400161,rep
+,109_h5143,400171,rep
+,105_h2493,400119,rep
+,109_hr383,400121,rep
+,111_h1243,400178,rep
+,108_s703,400132,rep
+,109_hr703,400192,rep
+,110_s2403,400175,rep
+,108_h4323,400107,rep
-,110_hc103,400113,rep
+,108_hc393,400157,rep
-,106_h833,400138,rep
-,111_h3183,400196,rep
+,108_hr473,400139,rep
+,111_s1793,400114,rep
+,106_h573,400104,rep
-,111_hc93,400144,rep
+,111_hc123,400100,rep
+,105_h2883,400116,rep
+,105_h4193,400109,rep
+,106_hr563,400121,rep
+,111_hr273,400151,rep
+,108_s3,400179,rep
+,111_hr83,400183,rep
+,106_h193,400191,rep
+,110_h1553,400116,rep
+,108_h273,400186,rep
+,111_hc163,400163,rep
+,105_h2813,400115,rep
+,108_h2673,400190,rep
+,111_hr1083,400198,rep
+,108_h1463,400156,rep
+,110_h5803,400186,rep
0,110_h1593,400113,rep
+,110_h523,400139,rep
+,110_h6983,400124,rep
+,110_h923,400132,rep
0,106_hr423,400143,rep
+,110_h363,400122,rep
+,108_sc43,400194,rep
+,108_hr153,400196,rep
+,109_h4893,400149,rep
+,108_h743,400140,rep
+,109_h1973,400150,rep
+,108_hc413,400191,rep
-,109_h5013,400198,rep
-,109_s403,400184,rep
-,105_h4103,400111,rep
+,108_h4363,400148,rep
+,106_hr433,400142,rep
+,108_h4613,400183,rep
+,111_s1793,400185,rep
+,108_h13,400100,rep
+,109_h6033,400193,rep
+,110_h4343,400152,rep
+,111_sc13,400178,rep
-,110_hc103,400171,rep
0,108_h4363,400106,rep
+,106_hr503,400190,rep
+,111_hr903,400163,rep
+,109_hr523,400193,rep
-,111_h3123,400184,rep
+,106_hr433,400146,rep
+,109_h5253,400174,rep
0,111_h4003,400163,rep
+,111_hc133,400110,rep
+,109_h1053,400166,rep
+,111_h1253,400196,rep
+,105_h643,400160,rep
+,108_hc403,400158,rep
+,111_h1913,400125,rep
+,105_h643,400171,rep
-,106_hj103,400197,rep
+,109_h1053,400138,rep
+,105_h2183,400144,rep
+,106_hr433,400177,rep
0,108_h1533,400190,rep
+,105_sc3,400157,rep
+,108_hc83,400124,rep
+,111_h1243,400108,rep
+,110_hr1113,400185,rep
+,111_s383,400134,rep
+,108_h2673,400131,rep
+,108_h5183,400164,rep
+,106_s613,400121,rep
+,111_s3473,400122,rep
+,108_h2443,400174,rep
+,110_s2403,400137,rep
+,106_hj103,400103,rep
+,108_h3733,400172,rep
+,108_hr153,400136,rep
+,110_hr553,400190,rep
+,110_hr643,400103,rep
+,110_hr203,400184,rep
-,108_h4513,400114,rep
+,110_h523,400158,rep
-,105_hr143,400122,rep
+,106_hr433,400139,rep
0,111_hr1133,400160,rep
+,106_hr433,400106,rep
+,109_h3673,400119,rep
-,108_hj83,400129,rep
+,111_hr1213,400124,rep
+,108_h663,400104,rep
+,108_hc393,400131,rep
-,109_h3893,400160,rep
+,108_h1533,400174,rep
+,109_h5573,400175,rep
+,108_hr653,400151,rep
+,105_hc133,400142,rep
+,111_hr1513,400176,rep
+,108_sc43,400168,rep
+,108_hc53,400125,rep
-,111_h4853,400100,rep
+,108_h253,400164,rep
+,108_hc53,400117,rep
+,111_h5623,400133,rep
+,110_h493,400140,rep
-,110_h5563,400157,rep
-,110_hr403,400123,rep
+,111_h5013,400110,rep
+,110_hr1243,400145,rep
0,108_s703,400140,rep
+,108_h13,400130,rep
+,110_h1343,400154,rep
+,106_hc253,400136,rep
+,108_h3723,400195,rep
-,110_h3093,400105,sen
-,106_hr423,400183,rep
+,108_h663,400136,rep
-,106_hr323,400183,rep
+,105_s2073,400169,rep
+,109_h3283,400148,rep
+,108_h1533,400119,rep
+,109_hc483,400119,rep
+,105_h3963,400123,rep
+,111_hr103,400140,rep
0,108_h3733,400165,rep
+,109_h503,400122,rep
+,110_h1553,400114,rep
+,109_h503,400119,rep
+,105_hr433,400174,rep
+,111_h2423,400122,rep
+,106_hr303,400178,rep
+,108_h2443,400110,rep
-,108_h3193,400124,rep
+,111_h3993,400118,rep
+,109_h5253,400170,rep
+,108_h1463,400107,rep
+,110_hr273,400115,rep
+,111_h1253,400141,rep
+,106_h5203,400135,rep
-,110_hr203,400131,rep
+,108_hr423,400157,rep
+,102_h5503,400110,rep
0,109_hr333,400109,rep
+,111_hr593,400195,rep
+,108_h923,400130,rep
+,108_h4323,400131,rep
+,108_h253,400139,rep
-,108_h2673,400198,rep
-,106_hr263,400181,rep
+,108_h1533,400197,rep
-,108_h163,400177,rep
+,108_hj73,400152,rep
+,103_h3433,400155,rep
+,111_h2423,400184,rep
-,105_h4193,400102,rep
+,108_s23,400147,rep
-,110_hr1363,400165,rep
-,111_hc133,400108,rep
+,105_h2813,400143,rep
+,109_hr623,400157,rep
-,102_h3553,400113,rep
-,111_h4213,400175,rep
-,109_h513,400101,rep
0,111_s383,400124,rep
-,102_s3,400192,rep
-,103_h873,400127,rep
+,110_h2693,400139,rep
+,108_hc53,400101,rep
-,109_h1973,400134,rep
+,106_h2723,400186,rep
+,111_hc223,400177,rep
-,108_h3193,400195,rep
+,111_h1053,400122,rep
+,106_hr443,400136,rep
+,108_h3783,400129,rep
+,105_hr283,400143,rep
+,105_h3963,400144,rep
+,108_hr213,400112,rep
+,111_h4543,400165,rep
+,105_h2183,400110,rep
-,110_h2693,400115,rep
+,108_h4363,400124,rep
+,110_h3773,400166,rep
+,108_h13,400133,rep
+,108_h2443,400114,rep
+,111_hr1743,400107,rep
+,102_h4323,400149,rep
+,109_hr343,400107,rep
0,109_h5013,400138,rep
+,109_h2123,400154,rep
+,111_h4003,400102,rep
+,108_h1683,400111,rep
+,111_hr453,400124,rep
+,110_hr293,400100,rep
+,108_h5213,400196,rep
+,110_h1143,400191,rep
-,108_hr473,400138,rep
+,111_h5993,400177,rep
+,106_hj33,400123,rep
-,106_hr563,400146,rep
+,109_h6143,400166,rep
-,111_h3183,400151,rep
+,110_hr923,400189,rep
+,108_h4363,400183,rep
-,108_hj73,400133,rep
+,111_hr1543,400152,rep
+,106_h673,400189,rep
+,104_h3103,400166,rep
+,108_h2443,400181,rep
+,110_h1483,400130,rep
+,108_h4323,400152,rep
+,106_h2723,400170,rep
+,111_hr153,400147,rep
+,111_hr273,400189,rep
+,108_h743,400190,rep
+,106_hr323,400142,rep
+,105_hr143,400149,rep
-,111_hr653,400176,rep
+,111_hr43,400176,rep
+,110_h2563,400125,rep
+,110_hr643,400122,rep
+,108_h4513,400112,rep
-,110_hr1363,400171,rep
+,106_s2943,400144,rep
+,109_hr523,400120,rep
+,109_h6033,400124,rep
+,105_h4103,400121,rep
+,106_hr423,400117,rep
+,106_h4733,400192,rep
+,105_h2813,400182,rep
+,110_hr273,400152,rep
-,102_h3543,400192,rep
-,102_s323,400144,rep
-,109_h2123,400189,rep
+,108_h4363,400121,rep
-,109_hr623,400199,rep
+,106_h1883,400164,rep
-,106_hr503,400111,rep
-,108_hc393,400198,rep
+,108_h1533,400179,rep
+,109_h683,400153,rep
+,109_hr523,400129,rep
+,109_hr323,400160,rep
+,111_h5013,400142,rep
+,111_h4173,400198,rep
-,110_hc293,400142,rep
+,109_s403,400165,rep
+,110_hr493,400131,rep
+,108_hr723,400101,rep
+,111_hr43,400178,rep
+,108_h4513,400141,rep
+,108_hc413,400170,rep
-,106_hj103,400157,rep
+,105_h3853,400165,rep
+,109_h3893,400127,rep
+,108_h2143,400166,rep
+,105_s2133,400173,rep
+,110_h1873,400191,rep
+,105_h1663,400115,rep
+,108_hc403,400159,rep
+,109_hr703,400171,rep
-,111_h1913,400121,rep
+,106_h4033,400152,rep
+,111_h3763,400176,rep
+,108_hc53,400159,rep
+,109_h4973,400129,rep
+,108_hc83,400107,rep
-,105_h4193,400183,rep
+,108_h3313,400192,rep
+,105_h3433,400100,rep
+,106_hj33,400165,rep
+,110_h923,400165,rep
+,109_h1973,400129,rep
+,106_h573,400177,rep
-,111_hr653,400119,rep
+,105_h2493,400154,rep
+,111_h403,400107,rep
+,109_h323,400116,rep
+,109_hr343,400148,rep
+,111_hc323,400124,rep
+,108_h1683,400139,rep
+,110_h1423,400166,rep
+,103_h2493,400163,rep
0,105_s1733,400160,rep
+,111_h3993,400158,rep
+,108_h253,400126,rep
0,110_hc193,400162,rep
-,109_h2123,400130,rep
+,111_h3293,400125,rep
+,106_h673,400123,rep
+,106_h1993,400103,rep
+,108_hc413,400119,rep
+,108_h3723,400197,rep
+,108_hc403,400122,rep
+,105_h3,400153,rep
+,109_h5573,400101,rep
-,108_hc393,400187,rep
+,101_h4323,400188,rep
+,109_hr333,400164,rep
+,111_hr1543,400165,rep
+,109_h5573,400179,rep
+,108_hr153,400197,rep
+,110_h1773,400116,rep
+,109_h1053,400184,rep
+,108_h273,400177,rep
+,110_h1553,400157,rep
+,110_hc203,400155,rep
-,106_hr273,400143,rep
+,105_h2343,400155,rep
+,104_h3603,400166,rep
+,109_h4893,400121,rep
+,108_s273,400143,rep
+,111_hr593,400141,rep
+,103_h4453,400191,rep
-,110_h3,400134,rep
-,108_h4663,400180,rep
+,108_h273,400123,rep
+,111_hr1083,400102,rep
+,109_h6143,400131,rep
+,106_h4583,400157,rep
-,110_hr403,400182,rep
-,109_h2123,400195,rep
+,110_h1143,400184,rep
+,106_h2723,400102,rep
+,109_hr343,400167,rep
+,108_hr473,400141,rep
+,110_hr663,400153,rep
+,109_hr23,400182,rep
+,106_h4583,400110,rep
+,109_h1053,400149,rep
+,109_h2123,400137,rep
+,109_h683,400158,rep
-,106_hj33,400161,rep
-,105_h2883,400106,rep
+,110_hr663,400109,rep
0,110_hr1173,400147,rep
+,109_hr293,400182,rep
+,111_hr183,400125,rep
+,111_h3293,400193,rep
+,108_h4053,400166,rep
-,110_hr1343,400165,rep
+,106_h4583,400146,rep
-,101_h4333,400169,rep
+,110_hr963,400179,rep
+,108_h3733,400199,rep
+,106_h4033,400199,rep
+,106_hr503,400172,rep
+,110_hr683,400166,rep
0,108_h4513,400105,rep
0,110_hr553,400122,rep
+,108_h2443,400134,rep
+,110_h6063,400158,rep
+,110_hr1113,400114,rep
+,109_s403,400190,rep
+,111_hr403,400125,rep
-,110_h2643,400154,rep
+,105_h2003,400188,rep
+,110_h3,400196,rep
+,109_h2563,400172,rep
0,111_s3473,400179,rep
+,108_hc373,400116,rep
+,110_hr493,400144,rep
+,108_h2143,400176,rep
+,106_s2943,400102,rep
+,109_hr673,400167,rep
0,108_hr653,400146,rep
+,110_h5613,400189,rep
-,110_h3,400141,rep
+,110_h1143,400185,rep
-,106_hr103,400112,rep
-,108_hc393,400146,rep
+,106_hr103,400140,rep
+,108_h1683,400133,rep
+,111_sc13,400124,rep
+,108_h2143,400120,rep
0,106_h5203,400112,rep
+,108_h1683,400161,rep
+,110_hr643,400153,rep
+,105_s2073,400176,rep
+,109_h5013,400139,rep
+,105_s2133,400107,rep
+,110_hc283,400140,rep
+,110_h1593,400179,rep
+,109_h5683,400153,rep
+,105_hr563,400123,rep
+,111_h4003,400179,rep
+,110_hr573,400108,rep
+,111_hr863,400154,rep
+,108_h3723,400142,rep
+,111_h3183,400102,rep
+,108_h2443,400120,rep
+,106_h573,400148,rep
+,103_h3,400129,rep
+,106_s2943,400186,rep
+,105_hc133,400130,rep
-,110_h2693,400137,rep
+,109_hr333,400132,rep
+,106_h673,400198,rep
+,109_hr553,400147,rep
+,111_h403,400103,rep
+,105_h3,400182,rep
+,106_hc213,400136,rep
+,105_h4103,400138,rep
-,111_hr653,400137,rep
+,109_h683,400125,rep
+,108_h4323,400183,rep
+,108_h3873,400122,rep
+,110_h523,400165,rep
+,110_h5613,400100,rep
+,108_h253,400129,rep
+,108_hr153,400106,rep
+,109_h3,400187,rep
-,109_hr293,400114,rep
+,108_hc403,400160,rep
-,109_hr293,400118,rep
+,110_hr663,400166,rep
+,106_h4733,400199,rep
-,110_hr1363,400175,rep
+,106_h5203,400143,rep
+,110_hr233,400154,rep
+,111_hr1103,400179,rep
0,108_h4663,400157,rep
+,105_hc133,400197,rep
+,109_hr803,400186,rep
-,105_hr193,400118,rep
+,111_hr1613,400155,rep
+,102_h3553,400156,rep
+,106_hr273,400107,rep
-,111_hr653,400141,rep
+,109_h5573,400198,rep
+,110_hr573,400100,rep
+,110_hr933,400157,rep
-,110_s3,400194,sen
+,111_hr653,400124,rep
+,106_h573,400105,rep
+,108_h2143,400159,rep
-,111_hc293,400144,rep
+,106_h193,400173,rep
+,109_hr553,400153,rep
-,106_h2723,400135,rep
+,109_h1053,400110,rep
+,105_hr283,400118,rep
+,111_hr1543,400195,rep
+,106_hr323,400115,rep
+,109_s2803,400155,rep
+,111_hc293,400195,rep
+,105_s1733,400123,rep
+,102_hr423,400109,rep
+,108_h3873,400180,rep
+,110_h6983,400153,rep
+,108_h743,400196,rep
-,106_h2723,400105,rep
+,108_h743,400105,rep
+,110_hr1243,400199,rep
+,106_h4583,400176,rep
+,110_h6063,400170,rep
+,103_h4003,400193,rep
+,111_hr1713,400177,rep
-,108_h2673,400174,rep
-,109_s403,400189,rep
-,110_hr1433,400157,rep
+,111_hr1213,400199,rep
+,110_hc283,400147,rep
-,105_hr563,400187,rep
+,109_h683,400183,rep
+,108_h2443,400177,rep
+,111_hr1173,400193,rep
+,105_s2133,400113,rep
+,109_h4973,400187,rep
+,109_s2803,400147,rep
+,111_h813,400124,rep
+,108_hc423,400176,rep
-,106_h5203,400133,rep
+,110_h4343,400133,rep
+,110_h2563,400195,rep
+,106_hr103,400142,rep
-,108_hj73,400100,rep
+,108_h743,400189,rep
0,107_hr363,400135,rep
+,109_h6143,400191,rep
0,108_h3193,400181,rep
+,111_hc293,400155,rep
-,106_hr423,400125,rep
-,110_hr793,400127,rep
0,110_h1343,400199,rep
+,106_hc213,400199,rep
0,108_h4513,400119,rep
+,108_hr433,400189,rep
+,105_s1733,400183,rep
-,101_h1463,400176,rep
-,106_h2723,400150,rep
+,109_h3,400141,rep
+,111_h813,400165,rep
+,108_hc413,400168,rep
+,111_h4853,400195,rep
+,111_hr903,400122,rep
+,106_h3293,400136,rep
+,108_hr433,400196,rep
-,111_h1913,400137,rep
+,108_hr213,400197,rep
-,106_hr253,400140,rep
-,106_hj103,400130,rep
0,108_s3,400192,rep
+,108_s23,400190,rep
+,109_h3893,400168,rep
+,110_hc293,400193,rep
+,106_h4033,400160,rep
+,111_hr1313,400171,rep
+,110_h2643,400185,rep
0,108_s763,400124,rep
-,108_hj83,400130,rep
+,109_h5013,400173,rep
+,106_h193,400115,rep
+,111_h5873,400195,rep
+,105_hr573,400149,rep
+,105_h4103,400123,rep
+,106_hr303,400152,rep
+,109_h4973,400148,rep
-,103_h2473,400182,rep
+,108_hr433,400141,rep
+,110_h513,400152,rep
+,108_hc403,400124,rep
+,111_h5623,400101,rep
+,108_hr433,400167,rep
+,110_h6493,400109,rep
0,111_hc133,400179,rep
+,106_h4033,400197,rep
+,106_hr433,400174,rep
+,108_hr153,400186,rep
+,106_h4033,400106,rep
-,106_h4733,400159,rep
+,109_hr343,400110,rep
+,108_hr423,400183,rep
+,111_hr103,400182,rep
+,106_h673,400143,rep
+,108_h3873,400104,rep
+,110_hr943,400109,rep
+,110_h3793,400166,rep
+,111_hr1173,400157,rep
+,111_h5993,400198,rep
-,108_hr473,400134,rep
+,105_h2493,400104,rep
+,108_hr453,400104,rep
+,110_h6493,400165,rep
+,108_h4323,400116,rep
-,106_hj33,400133,rep
+,110_h2693,400109,rep
+,110_hr683,400163,rep
+,111_hc163,400109,rep
+,110_h3773,400122,rep
-,106_h1993,400105,rep
+,108_sc43,400175,rep
+,111_hr103,400102,rep
+,110_h5613,400186,rep
0,110_s2403,400162,rep
+,106_h5203,400150,rep
+,110_h5563,400100,rep
0,111_hr1713,400142,rep
+,109_hr803,400147,rep
+,106_s2323,400129,rep
+,110_hr1133,400185,rep
+,110_h6983,400142,rep
-,106_h193,400187,rep
-,108_hj83,400155,rep
+,110_hr1173,400165,rep
+,106_h3073,400139,rep
+,111_hr83,400129,rep
+,110_hr963,400139,rep
-,110_h6853,400134,rep
+,108_s23,400187,rep
+,111_hr783,400155,rep
+,111_h1243,400141,rep
+,106_h4033,400177,rep
0,110_h6493,400163,rep
+,103_h2493,400133,rep
+,108_h2143,400161,rep
-,105_hr573,400178,rep
+,109_hr553,400116,rep
+,111_hc93,400199,rep
+,108_sc43,400113,rep
-,111_hr893,400102,rep
+,105_sc3,400144,rep
-,108_h4663,400140,rep
+,106_hr443,400133,rep
+,106_h833,400119,rep
-,106_hr273,400126,rep
+,105_s1733,400113,rep
0,109_hr293,400171,rep
+,110_hr683,400178,rep
+,108_h1533,400196,rep
0,109_hr523,400163,rep
-,109_h5013,400122,rep
+,105_hc213,400148,rep
+,111_h813,400152,rep
+,109_hr283,400165,rep
+,110_hr1083,400140,rep
-,108_h273,400175,rep
+,111_h4173,400170,rep
-,109_h5013,400124,rep
-,110_h3773,400180,rep
-,110_h3,400137,rep
+,111_sc43,400195,rep
+,108_h5183,400123,rep
-,106_h673,400187,rep
+,111_s1793,400115,rep
+,110_h3,400162,rep
+,109_hr803,400165,rep
+,111_hc93,400162,rep
-,110_h2693,400151,rep
0,111_hr1713,400110,rep
+,109_hr703,400159,rep
+,110_h3093,400132,rep
+,108_hc373,400155,rep
+,110_hr43,400103,rep
+,111_h1913,400147,rep
+,105_h2203,400160,rep
+,110_h1773,400115,rep
+,104_h2703,400166,rep
+,110_h3793,400110,rep
0,110_h3793,400139,rep
-,108_h2673,400106,rep
+,106_hr303,400187,rep
+,108_h5213,400166,rep
+,106_hj33,400150,rep
+,106_hr263,400180,rep
+,109_hr323,400165,rep
+,111_hr1613,400198,rep
+,110_h3093,400118,rep
+,108_hc13,400196,rep
+,111_hr83,400196,rep
-,105_hr573,400166,rep
+,108_h1683,400145,rep
-,109_h5253,400151,rep
+,110_h363,400153,rep
-,106_hr253,400189,rep
+,105_hr433,400180,rep
-,108_h3313,400199,rep
+,106_hr563,400142,rep
-,102_h2893,400116,rep
+,111_hr83,400140,rep
+,109_s403,400176,rep
-,111_h4173,400134,rep
-,110_hr1343,400153,rep
+,106_h573,400159,rep
+,106_s2323,400159,rep
-,108_h4323,400111,rep
+,101_h743,400169,rep
+,108_hr453,400193,rep
+,108_h3783,400175,rep
-,109_h2863,400101,rep
+,101_h4793,400110,rep
+,108_h253,400156,rep
-,105_hr283,400183,rep
+,110_hr1133,400125,rep
+,111_s1793,400130,rep
+,110_h3773,400102,rep
+,111_hr573,400189,rep
+,111_h4173,400155,rep
+,105_h3433,400163,rep
+,102_s323,400149,rep
+,110_h523,400113,rep
+,108_h923,400104,rep
+,110_hr233,400178,rep
+,109_s2803,400199,rep
+,110_hr1103,400118,rep
+,110_h1143,400122,rep
0,109_hr193,400110,rep
+,110_h3043,400120,rep
+,111_hr853,400178,rep
+,108_hj73,400182,rep
+,110_hr1063,400145,rep
+,103_h2473,400146,rep
+,110_h5613,400163,rep
0,110_h6853,400109,rep
+,106_h193,400102,rep
-,110_h5803,400115,rep
-,105_h2493,400126,rep
0,111_hr183,400114,rep
+,108_h3723,400104,rep
+,111_h4213,400124,rep
0,109_h1973,400197,rep
+,110_h923,400155,rep
-,105_hr573,400118,rep
+,110_h4253,400185,rep
+,111_hr103,400163,rep
+,110_h1773,400165,rep
+,110_h5563,400114,rep
+,108_h923,400140,rep
+,108_h13,400196,rep
-,105_h2183,400154,rep
+,108_h5213,400118,rep
+,109_s2803,400100,rep
+,110_hr1343,400110,rep
+,111_hc223,400193,rep
-,111_hr1203,400118,rep
+,110_h1423,400109,rep
0,110_h3403,400178,rep
+,110_h5613,400153,rep
+,109_hr23,400139,rep
+,108_h1683,400166,rep
-,110_hr1173,400176,rep
+,111_h4003,400130,rep
+,110_hc283,400139,rep
+,108_hr653,400116,rep
0,105_h2343,400118,rep
-,110_hr403,400172,rep
+,111_h3763,400145,rep
+,109_h5253,400119,rep
+,105_h1663,400148,rep
+,111_h4773,400157,rep
+,109_h5013,400154,rep
+,111_h4173,400103,rep
0,102_h3543,400176,rep
+,105_hr573,400139,rep
-,108_h4503,400100,rep
+,109_hr383,400180,rep
+,110_h2693,400199,rep
-,110_hr533,400154,rep
+,108_s763,400114,rep
+,108_h3193,400191,rep
+,109_s2803,400114,rep
0,109_hr333,400179,rep
+,105_h2863,400136,rep
+,102_h5373,400165,rep
+,111_hr893,400118,rep
+,111_hr413,400157,rep
+,110_h2643,400129,rep
+,108_h3783,400151,rep
+,106_h193,400164,rep
0,108_h4363,400105,rep
+,111_hc323,400157,rep
+,102_h5333,400110,rep
+,111_h1933,400171,rep
-,105_hr393,400155,rep
+,108_h3733,400175,rep
-,108_h4513,400120,rep
+,108_h4503,400172,rep
+,105_sc3,400191,rep
+,101_h4323,400150,rep
+,111_hr1513,400189,rep
-,106_h853,400116,rep
+,109_h5253,400103,rep
+,110_h4343,400176,rep
+,108_hc393,400182,rep
+,106_hc213,400181,rep
+,111_hc323,400108,rep
+,109_h323,400138,rep
+,108_hr713,400197,rep
0,110_hr923,400132,rep
+,106_h4163,400116,rep
+,110_hr1253,400170,rep
+,106_h4033,400156,rep
+,110_hc293,400110,rep
+,108_h2443,400104,rep
+,111_hc163,400119,rep
-,108_h4513,400138,rep
-,110_hr1363,400149,rep
-,106_h853,400186,rep
+,110_h1593,400129,rep
+,108_hc393,400161,rep
+,109_h4973,400160,rep
+,109_h1973,400173,rep
+,111_hc163,400177,rep
+,111_hr1713,400114,rep
-,110_hr1103,400107,rep
+,111_sc13,400103,rep
-,110_hr1103,400137,rep
+,106_hc253,400144,rep
+,111_hr1103,400111,rep
-,111_h4823,400116,rep
+,108_hr473,400196,rep
+,110_h3963,400140,rep
-,105_h2003,400155,rep
+,110_h3793,400176,rep
+,108_s273,400183,rep
+,106_h2723,400146,rep
+,108_h663,400115,rep
-,106_hr273,400177,rep
+,108_sc43,400171,rep
-,110_h2693,400134,rep
+,106_h673,400116,rep
-,105_h2003,400161,rep
+,110_h5803,400101,rep
+,105_h3853,400101,rep
-,110_hr1343,400177,rep
+,110_hr1113,400190,rep
-,110_h5803,400139,rep
-,103_h4003,400188,rep
-,110_h6983,400182,rep
+,108_sc43,400142,rep
+,110_hr1063,400152,rep
+,110_hr1113,400189,rep
-,105_hr283,400123,rep
+,106_s613,400181,rep
+,105_h643,400109,rep
+,111_hr103,400121,rep
0,108_h4503,400119,rep
0,109_hr323,400186,rep
+,111_hr573,400152,rep
+,109_hr553,400189,rep
+,111_hr1213,400102,rep
-,108_h2673,400199,rep
+,109_h4843,400149,rep
+,108_s273,400145,rep
+,106_h1883,400198,rep
+,110_hr1133,400110,rep
+,108_hc83,400148,rep
+,110_hc203,400177,rep
0,106_h4583,400133,rep
+,105_s1733,400130,rep
-,105_hr283,400170,rep
+,108_h663,400156,rep
+,106_h3293,400118,rep
-,110_hr1103,400176,rep
-,109_hc483,400195,rep
+,108_h4053,400107,rep
-,105_h4193,400198,rep
+,106_h4033,400190,rep
0,109_h503,400144,rep
0,109_hr723,400197,rep
+,106_h4163,400179,rep
+,111_hr153,400154,rep
+,109_hr623,400123,rep
-,110_h3963,400194,sen
+,110_hr293,400172,rep
0,108_hc83,400146,rep
+,102_h3553,400149,rep
+,105_h2813,400107,rep
+,108_hr433,400132,rep
-,103_h4003,400104,rep
+,106_h3843,400160,rep
+,111_hr353,400137,rep
0,108_hc373,400199,rep
+,110_hr273,400110,rep
-,110_hr1083,400131,rep
0,108_sc43,400107,rep
+,111_h1913,400122,rep
+,108_hc413,400111,rep
+,111_hr353,400107,rep
+,108_hr423,400112,rep
-,110_hr1083,400165,rep
+,111_sc43,400184,rep
+,110_h5613,400119,rep
+,106_h193,400170,rep
+,108_hc83,400118,rep
+,110_h363,400170,rep
+,111_sc13,400125,rep
0,111_h5013,400182,rep
+,108_h4613,400129,rep
+,110_h2563,400132,rep
-,106_hr273,400189,rep
+,109_hr293,400141,rep
-,105_s2073,400163,rep
+,108_hc83,400159,rep
-,108_hj83,400120,rep
+,106_h5203,400126,rep
+,109_h323,400154,rep
-,103_h4003,400115,rep
+,106_h853,400153,rep
+,108_h2443,400159,rep
+,108_h253,400152,rep
+,110_h1873,400182,rep
+,111_hr183,400140,rep
+,111_h1913,400114,rep
+,110_hr43,400160,rep
-,110_hr1343,400134,rep
+,108_hc423,400166,rep
+,108_h3873,400195,rep
+,111_hr543,400142,rep
+,111_h5133,400154,rep
+,111_sc43,400178,rep
+,111_hr863,400124,rep
+,110_hr663,400179,rep
-,108_hr473,400181,rep
+,111_hr103,400107,rep
+,108_h5183,400181,rep
+,109_h4893,400187,rep
+,106_h4163,400109,rep
0,108_hr153,400188,rep
-,103_h2333,400182,rep
-,110_hr533,400191,rep
+,111_hc123,400165,rep
0,109_h513,400182,rep
+,111_hr1173,400133,rep
-,109_h4893,400129,rep
+,106_s2323,400124,rep
+,108_h2993,400112,rep
+,109_h683,400199,rep
+,108_h743,400183,rep
+,108_hr713,400117,rep
+,109_hr723,400189,rep
-,109_hr293,400163,rep
+,108_h3723,400112,rep
+,105_hr433,400171,rep
+,111_hr103,400142,rep
0,111_h1913,400157,rep
+,108_h2673,400169,rep
-,111_hr673,400141,rep
-,111_sc13,400134,rep
+,108_h253,400188,rep
-,106_hj103,400119,rep
+,109_hr193,400197,rep
-,110_h3963,400107,rep
+,111_h4773,400154,rep
+,108_h4053,400126,rep
+,111_h5013,400189,rep
+,110_hr1243,400195,rep
-,105_h2003,400104,rep
+,111_hr1133,400116,rep
+,111_hc223,400130,rep
+,108_h1683,400110,rep
-,105_hr143,400130,rep
+,109_h683,400138,rep
+,110_h4253,400151,rep
+,109_h2563,400157,rep
+,110_h1143,400177,rep
+,109_hr333,400107,rep
+,108_h3783,400193,rep
-,102_h5333,400118,rep
-,102_h5503,400113,rep
+,109_hr323,400110,rep
+,109_h323,400129,rep
+,108_h3873,400120,rep
+,110_h3773,400162,rep
+,106_hr303,400101,rep
+,109_hr333,400166,rep
-,110_h3093,400108,rep
+,108_sc43,400126,rep
+,111_h5133,400111,rep
+,111_hr403,400175,rep
-,108_h3193,400184,rep
-,108_h253,400116,rep
+,111_s1793,400157,rep
+,109_hr523,400140,rep
+,110_hr963,400108,rep
+,106_h4163,400192,rep
-,111_h4213,400115,rep
+,109_h2863,400151,rep
+,108_h2673,400172,rep
-,109_hr623,400195,rep
+,108_h3493,400166,rep
-,105_h2003,400171,rep
+,109_h683,400120,rep
+,108_h3193,400119,rep
+,110_hr553,400131,rep
+,110_h523,400133,rep
+,108_s703,400189,rep
+,110_h1773,400137,rep
+,109_h5683,400116,rep
+,111_hr573,400185,rep
+,109_hr703,400118,rep
+,105_hr393,400149,rep
-,109_hr783,400129,rep
+,108_h663,400112,rep
+,110_hr643,400163,rep
+,108_hc13,400115,rep
0,110_hr963,400124,rep
+,110_h6633,400103,rep
+,111_hr1543,400121,rep
+,109_hr323,400189,rep
+,108_h4363,400159,rep
0,111_hc293,400178,rep
-,103_h2403,400176,rep
+,108_h3313,400168,rep
+,106_h1993,400184,rep
+,108_hc423,400127,rep
+,108_hc373,400112,rep
+,108_hr713,400191,rep
-,108_h4663,400118,rep
+,105_h1853,400103,rep
+,111_hr183,400182,rep
+,109_s2803,400141,rep
-,106_h3073,400133,rep
+,108_hr473,400154,rep
+,110_h1483,400189,rep
+,110_h3773,400185,rep
+,110_h3403,400103,rep
+,109_h1463,400120,rep
+,106_h1993,400152,rep
+,108_h13,400116,rep
+,110_hr493,400182,rep
+,105_hr563,400127,rep
-,105_h2883,400126,rep
-,105_h2183,400171,rep
-,103_h2473,400154,rep
0,110_h3793,400178,rep
+,108_s23,400179,rep
+,110_hr573,400166,rep
+,109_h1053,400101,rep
+,108_hr213,400183,rep
+,110_h3,400147,rep
+,110_h3,400124,rep
-,110_hr453,400116,rep
+,106_h573,400129,rep
+,111_hr183,400176,rep
-,110_h3773,400175,rep
+,110_s793,400176,rep
-,108_h2143,400139,rep
+,109_h3673,400132,rep
+,110_hr1323,400177,rep
+,110_h363,400129,rep
-,111_hc93,400142,rep
+,108_hj73,400149,rep
+,106_h573,400133,rep
+,109_h6033,400176,rep
+,111_h5013,400111,rep
+,105_hr433,400113,rep
+,108_hc403,400189,rep
+,111_hc293,400122,rep
-,106_h833,400181,rep
-,105_hr563,400126,rep
+,109_hr673,400164,rep
+,108_s763,400115,rep
+,109_hr703,400100,rep
-,109_h2123,400100,rep
+,108_s273,400134,rep
+,110_hc203,400160,rep
+,111_s1793,400195,rep
+,110_h1483,400103,rep
+,111_s1963,400116,rep
+,111_h3763,400154,rep
0,111_hc133,400122,rep
-,110_hr203,400142,rep
-,111_hr543,400134,rep
+,110_hr1323,400178,rep
+,106_hj33,400188,rep
+,106_h5203,400148,rep
+,111_hr83,400158,rep
+,105_hr573,400116,rep
-,108_h163,400115,rep
+,109_h3893,400113,rep
+,108_h13,400148,rep
+,108_s703,400102,rep
+,108_hc393,400105,rep
+,110_hr493,400199,rep
+,105_hr383,400124,rep
+,106_h4583,400189,rep
-,109_h6143,400133,rep
+,110_h513,400157,rep
-,102_h4323,400180,rep
+,110_h6983,400186,rep
0,110_hr573,400123,rep
+,106_h3843,400110,rep
+,111_hr1213,400157,rep
-,108_h4663,400195,rep
+,105_h1663,400126,rep
+,111_s1793,400101,rep
+,110_hr923,400147,rep
+,109_h683,400111,rep
+,108_s23,400185,rep
+,103_h2493,400150,rep
+,106_h4583,400159,rep
+,110_s2633,400105,sen
+,106_h833,400164,rep
+,108_h1683,400163,rep
+,108_hr423,400102,rep
-,105_s2073,400118,rep
-,109_h5013,400109,rep
+,108_h1683,400148,rep
-,109_hr553,400199,rep
+,108_h923,400196,rep
-,106_h853,400180,rep
+,109_h4843,400134,rep
-,102_h3603,400112,rep
+,110_hc283,400123,rep
+,110_hr1433,400102,rep
-,106_hr263,400199,rep
+,111_hr1383,400163,rep
+,106_hr503,400123,rep
+,108_h4363,400131,rep
-,110_hr453,400115,rep
+,105_h1853,400100,rep
+,108_s23,400140,rep
+,108_hc83,400157,rep
+,107_h2733,400135,rep
+,108_hj73,400153,rep
+,108_h2673,400115,rep
+,108_s23,400123,rep
+,108_hr153,400152,rep
+,108_hc403,400198,rep
+,109_h5683,400144,rep
+,108_h663,400140,rep
+,108_h5183,400121,rep
-,110_h1483,400175,rep
+,108_h2673,400192,rep
+,109_hr293,400132,rep
-,106_h2723,400127,rep
+,108_hr423,400160,rep
+,106_hr443,400101,rep
+,110_hr1103,400102,rep
+,110_h1483,400139,rep
+,109_h6143,400167,rep
-,105_h4193,400174,rep
+,111_hr1743,400154,rep
+,110_h3793,400193,rep
+,110_hr963,400115,rep
+,106_h4733,400154,rep
0,109_h5013,400167,rep
-,102_s323,400115,rep
-,110_h363,400134,rep
-,111_hc293,400157,rep
+,109_h4843,400170,rep
+,110_hr1133,400160,rep
+,111_h1243,400155,rep
+,108_h253,400109,rep
0,110_hr1103,400166,rep
+,109_hr193,400104,rep
-,108_h4053,400173,rep
-,102_s3,400169,rep
+,105_hr383,400190,rep
+,106_h4583,400138,rep
+,108_sc43,400174,rep
+,110_hr933,400153,rep
+,110_hr273,400179,rep
-,108_h4323,400140,rep
+,111_s3473,400142,rep
+,111_h1933,400158,rep
-,109_h503,400138,rep
-,103_h2403,400182,rep
+,111_h5133,400124,rep
0,110_hr963,400114,rep
+,108_hr853,400190,rep
-,105_h2493,400161,rep
+,110_hr963,400160,rep
+,109_h2563,400182,rep
0,105_s2133,400119,rep
+,101_h4793,400169,rep
-,108_h4663,400126,rep
+,110_hr1103,400170,rep
+,102_h3553,400109,rep
+,106_h673,400127,rep
+,109_h1053,400159,rep
+,109_h683,400179,rep
-,111_hr573,400134,rep
+,106_h2723,400143,rep
-,105_h2493,400140,rep
+,108_hr453,400114,rep
+,111_h4173,400178,rep
+,106_hr433,400111,rep
+,105_hr433,400110,rep
+,101_s933,400100,rep
+,111_h813,400116,rep
+,110_h4253,400162,rep
+,105_hr383,400156,rep
+,108_h1683,400141,rep
-,106_hr563,400122,rep
+,108_s703,400148,rep
+,109_h5143,400122,rep
+,109_h513,400192,rep
-,108_h743,400165,rep
+,108_h4513,400167,rep
+,110_hr453,400155,rep
+,106_hr273,400159,rep
+,106_h4733,400165,rep
+,106_hr503,400115,rep
-,108_hj83,400171,rep
+,109_h2863,400125,rep
-,110_hr1433,400171,rep
-,110_h2693,400113,rep
+,108_hr213,400123,rep
+,108_hc53,400185,rep
-,109_hr783,400199,rep
+,106_h4583,400193,rep
+,108_hc83,400150,rep
+,108_hc13,400198,rep
+,105_hr393,400104,rep
+,105_hr563,400107,rep
+,110_hr1323,400125,rep
-,108_hc393,400174,rep
+,105_h2813,400180,rep
+,111_h4773,400177,rep
-,108_h4513,400124,rep
+,110_h3,400125,rep
+,111_h4773,400103,rep
-,105_hr193,400103,rep
+,106_hr433,400181,rep
+,108_h2993,400152,rep
+,108_hj73,400125,rep
+,108_hr433,400178,rep
-,109_h503,400116,rep
+,109_hr193,400186,rep
+,108_h4503,400117,rep
-,110_hr1433,400116,rep
+,109_h5013,400114,rep
+,108_h923,400148,rep
+,106_h1993,400199,rep
+,109_h1463,400100,rep
+,108_hr723,400137,rep
+,110_h3793,400145,rep
+,110_h6003,400189,rep
+,108_h253,400186,rep
+,109_s203,400195,rep
+,110_h3403,400169,rep
+,111_hr1383,400100,rep
+,110_hr1363,400185,rep
0,110_h6853,400140,rep
+,111_h1243,400100,rep
-,110_hr793,400149,rep
+,110_s793,400190,rep
+,111_hr403,400163,rep
-,105_h2003,400183,rep
+,110_hr273,400116,rep
+,108_hr213,400160,rep
+,111_h403,400162,rep
+,106_h3313,400150,rep
+,110_hc293,400155,rep
-,108_h3193,400142,rep
+,110_hr1133,400151,rep
+,106_h3073,400146,rep
+,109_h4843,400180,rep
+,106_h833,400174,rep
+,105_h4193,400150,rep
+,108_h4613,400197,rep
+,111_hr403,400110,rep
+,108_h5183,400144,rep
+,109_hr723,400134,rep
+,105_hr193,400149,rep
+,106_s2943,400182,rep
+,105_h1003,400173,rep
+,103_h2493,400182,rep
+,111_hr893,400103,rep
-,110_hr1253,400121,rep
+,111_s1793,400109,rep
+,106_h1883,400112,rep
+,111_h813,400110,rep
+,108_h4053,400100,rep
+,111_h1253,400165,rep
-,110_h2693,400191,rep
+,103_h2493,400146,rep
-,110_h3,400132,rep
+,110_hr1243,400123,rep
+,105_hr143,400114,rep
+,110_hc193,400121,rep
-,103_h4003,400154,rep
0,108_h163,400137,rep
+,109_h3893,400167,rep
+,110_hr403,400111,rep
-,106_hr503,400118,rep
+,105_sc3,400165,rep
+,111_hr183,400195,rep
+,111_h4773,400147,rep
+,111_hr863,400130,rep
+,108_h3723,400147,rep
+,110_hr963,400123,rep
+,108_h3733,400183,rep
+,105_h4103,400136,rep
+,111_hr453,400183,rep
+,101_h5313,400104,rep
+,110_hr1323,400171,rep
+,108_h2443,400101,rep
-,105_hr193,400102,rep
+,111_h403,400155,rep
+,103_h873,400178,rep
+,108_hr473,400148,rep
+,111_h5133,400157,rep
+,110_h1343,400119,rep
+,109_hr283,400127,rep
+,110_hr1133,400179,rep
+,106_h833,400148,rep
-,105_hr393,400103,rep
+,111_h4213,400193,rep
+,109_h1973,400126,rep
+,106_hr263,400144,rep
+,106_hr433,400101,rep
+,111_hr43,400195,rep
+,110_h2563,400152,rep
+,105_h3,400156,rep
-,111_h4853,400178,rep
+,106_h573,400100,rep
+,111_h1053,400100,rep
+,108_hr153,400154,rep
+,106_hr273,400190,rep
+,105_hr283,400112,rep
+,108_s763,400145,rep
+,108_h4363,400168,rep
+,110_h1343,400193,rep
+,108_hr213,400107,rep
+,109_h3673,400191,rep
+,105_h2493,400149,rep
-,108_hr153,400101,rep
-,105_h3853,400140,rep
+,108_h3783,400118,rep
+,106_s2943,400140,rep
0,109_h2563,400114,rep
+,110_hr383,400101,rep
0,108_s273,400190,rep
+,111_hr353,400199,rep
-,111_h4823,400158,rep
+,105_h3,400157,rep
+,105_h4193,400197,rep
+,108_hc83,400163,rep
+,109_hr23,400157,rep
+,111_hr593,400171,rep
0,110_hr663,400176,rep
+,109_hc483,400187,rep
+,106_h4583,400135,rep
-,108_h4513,400133,rep
+,109_hr283,400108,rep
+,110_h3773,400110,rep
+,106_h4033,400140,rep
+,108_h13,400160,rep
+,103_h2403,400166,rep
+,111_h5013,400175,rep
+,111_h5013,400151,rep
+,109_hr803,400124,rep
-,109_hr293,400162,rep
+,108_hc413,400166,rep
+,110_h6983,400114,rep
-,106_hr323,400177,rep
+,110_h3403,400157,rep
+,109_h1463,400155,rep
-,106_hr323,400140,rep
+,108_h5213,400183,rep
+,111_hr1313,400166,rep
+,108_sc43,400157,rep
0,111_hr153,400144,rep
+,109_hr343,400189,rep
+,109_hr383,400124,rep
+,110_h6063,400132,rep
+,111_hr893,400109,rep
+,109_h3,400173,rep
+,108_hr453,400103,rep
+,106_hr323,400148,rep
-,108_h163,400139,rep
+,110_h2643,400133,rep
+,108_h4513,400151,rep
+,108_hc413,400122,rep
+,110_hr43,400163,rep
+,109_hr23,400183,rep
+,108_h3723,400110,rep
+,109_h3283,400144,rep
+,105_h3853,400114,rep
+,109_h3893,400164,rep
-,110_hr203,400153,rep
+,105_h2493,400176,rep
+,110_hr403,400189,rep
-,108_h163,400179,rep
+,105_h3963,400182,rep
+,110_h6493,400183,rep
+,111_h1243,400102,rep
+,110_s2403,400139,rep
+,110_hr1253,400160,rep
+,110_hr943,400114,rep
+,110_h6983,400151,rep
+,108_h4363,400199,rep
+,109_h1463,400136,rep
+,106_h2723,400110,rep
-,108_hr473,400195,rep
+,108_s703,400195,rep
-,106_hj103,400165,rep
0,111_h1053,400114,rep
+,103_h2403,400122,rep
-,108_s3,400184,rep
-,102_h5653,400110,rep
-,106_hj103,400150,rep
+,105_hc213,400157,rep
+,110_h4343,400163,rep
-,110_hr1083,400196,rep
-,111_s1793,400116,rep
+,110_hc193,400111,rep
+,108_h273,400110,rep
+,111_s383,400130,rep
-,105_h2003,400110,rep
+,110_hr43,400102,rep
+,108_s23,400116,rep
+,108_hj73,400119,rep
0,110_h513,400137,rep
+,109_h5573,400136,rep
+,108_hr213,400168,rep
+,108_h4053,400130,rep
+,108_h13,400198,rep
+,109_s203,400145,rep
-,105_hr563,400116,rep
+,110_hc103,400193,rep
+,109_h323,400185,rep
-,105_hr193,400122,rep
+,108_h4503,400168,rep
+,110_h3793,400147,rep
+,101_h4333,400126,rep
+,109_s403,400191,rep
+,111_hr153,400124,rep
+,109_hr383,400144,rep
+,110_hr943,400154,rep
+,110_h2643,400114,rep
+,110_hr1363,400177,rep
-,109_hr723,400116,rep
+,110_h3043,400100,rep
+,109_h5573,400107,rep
+,109_hr553,400162,rep
+,105_hr383,400109,rep
+,108_h5183,400187,rep
+,109_h1973,400140,rep
+,110_h1873,400179,rep
-,108_h3313,400111,rep
+,106_s2943,400163,rep
0,109_h683,400113,rep
+,110_h1553,400108,rep
+,110_hr533,400193,rep
+,101_h1463,400110,rep
+,108_s273,400129,rep
+,110_h6493,400153,rep
+,111_h3763,400110,rep
+,105_h3853,400199,rep
+,108_h4363,400126,rep
+,106_h673,400172,rep
+,108_h5183,400125,rep
+,108_hr853,400124,rep
-,106_h4733,400184,rep
+,110_h6493,400185,rep
0,110_hr1243,400133,rep
+,110_h6633,400176,rep
+,106_h4163,400136,rep
+,108_hr653,400152,rep
+,105_hc133,400156,rep
+,111_hr863,400108,rep
+,110_hr1173,400142,rep
+,103_h2473,400110,rep
+,111_h4773,400145,rep
+,111_s383,400155,rep
+,105_h2203,400116,rep
+,109_h683,400162,rep
+,101_h3,400100,rep
-,110_hr383,400149,rep
-,109_hc483,400118,rep
+,105_h1003,400123,rep
+,108_hr713,400199,rep
+,109_s203,400186,rep
+,110_hr1433,400100,rep
+,109_h3,400154,rep
0,110_h6633,400109,rep
+,105_h643,400161,rep
+,109_hr673,400186,rep
+,105_h3,400122,rep
+,108_hr213,400100,rep
0,110_h493,400105,sen
-,108_hj73,400184,rep
+,106_h1993,400125,rep
-,109_h503,400155,rep
+,111_h2423,400158,rep
+,110_hc283,400124,rep
-,109_hr293,400103,rep
0,108_h4613,400146,rep
+,103_h3433,400166,rep
+,109_hr23,400148,rep
+,106_hr563,400144,rep
0,108_hr653,400163,rep
+,110_h5563,400123,rep
+,101_h2273,400100,rep
+,103_h2493,400103,rep
-,108_h4323,400166,rep
+,106_h3313,400198,rep
-,108_hj83,400179,rep
-,105_hr393,400114,rep
+,106_h4583,400121,rep
+,111_h2423,400115,rep
+,105_h643,400113,rep
+,109_s403,400114,rep
+,110_hr573,400120,rep
+,108_hr423,400178,rep
+,106_h1883,400101,rep
-,111_hr1203,400176,rep
+,105_h1663,400166,rep
+,105_h3853,400109,rep
+,108_hr653,400147,rep
-,108_h163,400110,rep
+,111_hr1213,400142,rep
+,108_h253,400133,rep
-,108_h253,400142,rep
+,110_hr383,400177,rep
-,106_hr323,400181,rep
-,111_h5993,400157,rep
+,108_hr423,400152,rep
+,111_hr1173,400102,rep
+,111_hc93,400193,rep
+,106_h5203,400144,rep
+,103_h4603,400110,rep
-,111_hr673,400151,rep
+,105_hc133,400136,rep
+,110_h1773,400160,rep
+,111_hr413,400155,rep
-,106_hr503,400112,rep
+,108_h253,400165,rep
+,111_hr1083,400118,rep
0,108_h1533,400108,rep
+,109_hr803,400167,rep
+,108_s703,400122,rep
+,108_h2993,400124,rep
-,106_hr563,400129,rep
-,105_hr383,400187,rep
+,108_h3783,400149,rep
+,111_h4773,400198,rep
+,103_h3,400109,rep
+,103_h2403,400129,rep
+,109_h503,400136,rep
+,111_h5873,400163,rep
+,108_h663,400117,rep
+,106_h4733,400127,rep
-,108_h3313,400112,rep
0,103_h4453,400188,rep
+,108_h3193,400121,rep
+,111_hr83,400177,rep
+,110_hr923,400122,rep
+,110_s2403,400103,rep
+,108_s763,400116,rep
-,111_hr453,400145,rep
-,110_h1483,400154,rep
+,101_h5803,400104,rep
+,111_h1253,400170,rep
+,105_s1733,400125,rep
-,109_hr293,400102,rep
+,106_h3843,400109,rep
+,110_h5563,400152,rep
0,108_h4663,400188,rep
+,108_hr653,400133,rep
+,111_hr153,400103,rep
+,110_h2693,400170,rep
-,111_h1913,400144,rep
-,110_hr1363,400147,rep
-,101_h2273,400176,rep
-,108_h743,400160,rep
+,109_h6143,400121,rep
+,110_hr233,400133,rep
+,110_h1873,400141,rep
+,106_hr103,400171,rep
+,111_hr653,400193,rep
+,111_hr1383,400144,rep
+,110_h3403,400110,rep
-,108_hr473,400179,rep
+,105_hr383,400115,rep
+,108_s3,400144,rep
+,110_h363,400193,rep
+,109_s403,400119,rep
+,105_h2203,400107,rep
+,106_hj33,400112,rep
+,108_hc83,400153,rep
+,108_h663,400122,rep
+,110_h923,400160,rep
+,111_hr653,400110,rep
+,111_sc43,400115,rep
0,109_hr293,400121,rep
+,108_h2443,400140,rep
+,105_h4193,400119,rep
+,110_hr573,400137,rep
+,110_h1553,400178,rep
-,101_h3,400192,rep
+,106_h3293,400130,rep
-,109_h2863,400111,rep
+,101_h4323,400115,rep
-,105_h3963,400155,rep
+,110_h2693,400185,rep
+,109_hr23,400116,rep
+,110_hr1243,400140,rep
+,109_h4893,400169,rep
-,105_s2133,400142,rep
+,110_hr273,400163,rep
+,111_h3293,400103,rep
+,110_hr643,400191,rep
+,108_s703,400147,rep
-,103_h2403,400104,rep
-,109_h4893,400178,rep
+,109_h5253,400129,rep
+,106_hr423,400176,rep
-,108_h4503,400188,rep
-,110_h2643,400137,rep
+,105_h2493,400112,rep
+,110_h1343,400170,rep
+,110_h1873,400183,rep
+,106_hr263,400107,rep
-,106_h3313,400176,rep
+,110_h6493,400144,rep
+,110_hr963,400127,rep
+,108_hr433,400172,rep
+,108_h3733,400117,rep
+,110_h6003,400162,rep
+,105_s2133,400180,rep
0,109_s403,400159,rep
+,108_hj73,400198,rep
+,106_h5203,400154,rep
-,108_hj83,400190,rep
-,111_h4003,400134,rep
-,108_h4503,400134,rep
+,111_hr783,400178,rep
-,109_hr293,400120,rep
-,109_s403,400163,rep
+,103_h2473,400133,rep
+,105_hr143,400173,rep
+,108_hc373,400117,rep
+,111_hr1003,400171,rep
+,105_h1003,400189,rep
-,111_h3293,400177,rep
0,111_s383,400122,rep
+,111_hr43,400124,rep
+,108_hr853,400141,rep
+,108_h3733,400173,rep
+,108_hr213,400137,rep
+,111_h813,400193,rep
-,108_s3,400102,rep
+,105_h1663,400180,rep
+,108_h5183,400193,rep
+,109_hr23,400190,rep
+,108_hr213,400166,rep
-,108_hj83,400148,rep
+,103_h4003,400178,rep
-,111_hr903,400141,rep
-,110_hr1363,400145,rep
+,111_hr1003,400175,rep
+,109_hr703,400119,rep
+,110_hr273,400193,rep
+,103_h2473,400156,rep
+,108_hr423,400193,rep
-,105_hr193,400106,rep
+,106_h2723,400114,rep
0,102_s323,400169,rep
+,105_h2203,400164,rep
+,110_hr643,400158,rep
-,108_h3193,400126,rep
+,106_s613,400182,rep
+,110_h3403,400101,rep
+,108_hc53,400191,rep
+,108_h4323,400168,rep
+,108_hc13,400138,rep
+,110_h493,400120,rep
+,105_hc133,400191,rep
-,109_h513,400166,rep
+,109_hr333,400167,rep
+,110_hr203,400166,rep
+,105_h2183,400188,rep
0,105_h2863,400122,rep
+,108_h4503,400154,rep
+,111_hr893,400154,rep
+,108_hr723,400148,rep
+,108_sc43,400136,rep
+,108_h2993,400114,rep
+,109_h3,400140,rep
+,108_h2673,400138,rep
+,106_hc253,400109,rep
+,108_h3193,400116,rep
+,110_h523,400140,rep
+,109_hr343,400164,rep
+,109_hr553,400183,rep
+,111_hr1133,400198,rep
-,106_h833,400103,rep
+,108_h13,400161,rep
+,110_h5563,400132,rep
+,105_h2813,400163,rep
+,111_hr43,400158,rep
0,110_hr383,400130,rep
+,109_s203,400168,rep
-,106_hr263,400193,rep
+,101_h4323,400146,rep
-,108_h2673,400101,rep
+,108_h3493,400149,rep
+,110_h1143,400101,rep
+,108_hc413,400193,rep
+,109_h323,400114,rep
-,108_hr153,400198,rep
+,109_s203,400155,rep
+,109_hr283,400147,rep
+,106_h853,400164,rep
0,111_hr1713,400102,rep
-,105_hr193,400198,rep
+,110_h3403,400175,rep
-,108_hc393,400170,rep
+,110_h6983,400111,rep
+,106_hr503,400117,rep
+,110_hr1113,400142,rep
+,110_hr1113,400115,rep
-,110_hr793,400151,rep
+,108_hr423,400138,rep
+,111_hc93,400114,rep
+,108_hr153,400134,rep
-,106_h1993,400113,rep
-,110_h5563,400196,rep
+,108_h4323,400177,rep
P,109_h1053,400170,rep
+,106_h3843,400171,rep
+,107_hr93,400135,rep
-,108_hr153,400129,rep
+,110_hr533,400109,rep
+,110_hr1063,400179,rep
-,109_h513,400197,rep
+,108_h3873,400154,rep
+,105_h2183,400116,rep
+,111_h4543,400158,rep
+,106_h573,400154,rep
+,108_h743,400100,rep
+,111_h4773,400196,rep
+,108_hr153,400167,rep
+,106_s613,400184,rep
+,109_hr283,400178,rep
0,111_h5873,400170,rep
+,109_hr323,400184,rep
+,103_h2333,400170,rep
+,111_hr653,400160,rep
-,110_hc103,400150,rep
+,106_hc213,400156,rep
+,102_h3033,400140,rep
+,111_hr543,400118,rep
+,106_h4033,400171,rep
+,110_h1593,400162,rep
+,105_h2883,400119,rep
+,110_hr1083,400102,rep
+,109_hr193,400185,rep
-,109_h503,400151,rep
+,109_h513,400172,rep
+,105_h3,400121,rep
-,105_hr563,400124,rep
+,101_s1413,400140,rep
+,110_h6853,400193,rep
-,106_hr103,400130,rep
+,111_hc93,400118,rep
+,111_hc323,400111,rep
+,105_hr463,400169,rep
+,101_h5313,400110,rep
+,108_h13,400182,rep
+,111_hr1313,400115,rep
+,106_h193,400181,rep
+,106_s2943,400143,rep
-,105_h3,400129,rep
-,110_hr383,400151,rep
+,108_h1463,400167,rep
+,108_h4053,400152,rep
-,105_h3963,400114,rep
+,110_hr203,400109,rep
+,106_hc213,400112,rep
+,108_hr423,400182,rep
-,102_h5653,400113,rep
-,103_h873,400117,rep
+,111_hr783,400157,rep
+,109_h5253,400178,rep
+,105_hc133,400155,rep
0,102_h5373,400155,rep
+,109_h4843,400166,rep
-,105_h2883,400122,rep
+,109_hr343,400183,rep
+,111_hr403,400160,rep
+,111_sc13,400101,rep
-,106_hr253,400184,rep
+,111_hr1313,400179,rep
+,108_h3723,400111,rep
+,111_hc223,400102,rep
+,110_hr233,400101,rep
+,108_s763,400158,rep
+,111_hr83,400108,rep
+,108_hr653,400179,rep
-,111_h3183,400154,rep
-,111_hc293,400137,rep
0,105_h2493,400157,rep
+,108_hr433,400155,rep
+,106_hr443,400163,rep
-,109_s403,400170,rep
+,111_hr103,400170,rep
+,110_hc193,400157,rep
+,109_hr723,400133,rep
+,110_hr1113,400182,rep
+,105_hr463,400119,rep
+,106_h5203,400116,rep
+,105_s1733,400129,rep
+,108_sc43,400184,rep
+,109_hr703,400133,rep
+,102_h2893,400126,rep
+,108_hr213,400165,rep
+,105_h4103,400153,rep
+,111_hr413,400100,rep
+,109_h513,400168,rep
+,103_h3433,400149,rep
+,111_h1933,400145,rep
P,105_hr433,400140,rep
-,105_s2073,400126,rep
-,102_h5373,400115,rep
+,105_h2343,400136,rep
+,103_h4453,400118,rep
0,111_hr1133,400183,rep
+,111_hr1543,400101,rep
0,109_hr323,400111,rep
+,108_hc53,400152,rep
+,111_h3763,400121,rep
+,106_hc213,400164,rep
+,106_h833,400169,rep
+,110_hr553,400182,rep
+,108_h3733,400193,rep
+,111_h1933,400118,rep
+,108_hc83,400112,rep
+,108_h3873,400139,rep
+,105_sc3,400142,rep
+,108_hc403,400183,rep
+,108_hc83,400174,rep
+,108_h4613,400196,rep
+,108_s273,400192,rep
+,111_h4543,400125,rep
+,106_s2323,400184,rep
+,109_hr623,400165,rep
-,109_h513,400175,rep
+,110_hr1323,400134,rep
+,105_h1003,400163,rep
-,108_hr713,400198,rep
+,108_hr713,400179,rep
+,108_h3493,400159,rep
-,106_h853,400191,rep
+,108_hc13,400180,rep
+,108_hr713,400118,rep
+,110_h3963,400186,rep
+,106_hr433,400148,rep
0,110_hc283,400121,rep
+,110_hr1113,400144,rep
+,110_h493,400144,rep
-,110_h3093,400176,rep
+,108_hc393,400142,rep
+,109_h5573,400116,rep
+,109_h2123,400151,rep
+,105_hr463,400191,rep
+,111_hr1133,400134,rep
+,111_hr543,400108,rep
+,108_h1683,400138,rep
+,108_hr153,400105,rep
+,108_h1683,400119,rep
+,106_h3073,400104,rep
+,111_s1963,400152,rep
+,109_hr803,400101,rep
+,109_h5143,400147,rep
+,111_h5993,400184,rep
0,108_h743,400192,rep
+,111_h3763,400115,rep
+,111_hr903,400129,rep
-,108_h163,400150,rep
+,111_hr403,400195,rep
-,109_hc483,400178,rep
+,109_h1053,400180,rep
-,105_h2493,400155,rep
+,108_hr653,400164,rep
0,105_s1733,400192,rep
-,111_hr673,400182,rep
+,105_s1733,400165,rep
+,110_hr643,400199,rep
+,105_h2203,400114,rep
+,109_hr703,400111,rep
+,108_h2993,400182,rep
+,110_h523,400189,rep
+,108_h743,400151,rep
-,102_h5503,400116,rep
0,108_hc413,400101,rep
+,106_hr323,400188,rep
+,109_hr293,400149,rep
-,109_h3893,400198,rep
+,109_hr623,400174,rep
+,111_hr1513,400193,rep
-,109_h4893,400102,rep
+,110_hr1063,400160,rep
0,108_hr653,400106,rep
+,111_hr903,400178,rep
+,109_h4973,400138,rep
+,101_s933,400143,rep
+,109_hr283,400154,rep
+,109_h4843,400171,rep
+,106_hr433,400112,rep
-,110_hr793,400132,rep
+,106_hj103,400140,rep
+,111_h1243,400118,rep
+,110_hr1323,400163,rep
+,108_s23,400195,rep
+,110_hr1343,400178,rep
+,110_hr573,400149,rep
+,111_hr593,400124,rep
+,108_hr713,400116,rep
0,109_h5573,400126,rep
-,108_h3313,400103,rep
+,110_hr553,400125,rep
+,111_h3183,400185,rep
-,102_h5653,400140,rep
+,110_hr1133,400165,rep
+,111_h4773,400116,rep
+,108_s703,400145,rep
-,110_hr1253,400153,rep
+,108_h3733,400153,rep
+,105_hc213,400113,rep
+,109_h5013,400134,rep
+,106_hr443,400183,rep
+,106_h1993,400155,rep
+,111_hr1613,400183,rep
-,109_hr293,400189,rep
+,106_hr303,400106,rep
-,108_h3313,400149,rep
+,108_s763,400199,rep
+,110_hc203,400175,rep
+,108_hr453,400139,rep
+,106_h833,400184,rep
-,104_h743,400166,rep
-,108_h163,400118,rep
+,109_h323,400173,rep
+,110_hr533,400122,rep
+,108_hr713,400103,rep
-,108_h4323,400178,rep
+,109_h6143,400165,rep
+,105_h1663,400153,rep
+,109_hr193,400140,rep
+,111_hr1003,400189,rep
+,105_hr463,400121,rep
+,110_h493,400198,rep
+,105_hr283,400115,rep
+,110_hr553,400186,rep
+,105_h2183,400103,rep
+,110_s2403,400147,rep
-,108_h743,400118,rep
+,111_h813,400108,rep
+,108_h3313,400187,rep
+,111_h4003,400122,rep
+,108_hc393,400132,rep
+,109_h503,400193,rep
-,108_h4663,400100,rep
+,108_h2443,400173,rep
+,110_hr1063,400198,rep
+,111_sc13,400170,rep
+,110_hr1063,400154,rep
+,105_hr283,400182,rep
+,110_h1873,400142,rep
+,108_s763,400196,rep
+,110_hr573,400107,rep
-,105_sc3,400166,rep
0,108_s273,400127,rep
+,111_hr1613,400118,rep
+,108_h663,400142,rep
0,109_hr23,400138,rep
+,105_sc3,400174,rep
+,111_s1963,400115,rep
+,106_hr503,400171,rep
+,106_s613,400111,rep
+,111_s1963,400189,rep
+,110_h2563,400155,rep
+,110_hr1433,400184,rep
-,109_s403,400195,rep
+,108_h663,400174,rep
+,109_hr553,400114,rep
+,110_h1873,400185,rep
+,110_hr293,400111,rep
+,108_hc13,400108,rep
+,110_h1483,400198,rep
+,106_h4583,400112,rep
+,106_hc253,400127,rep
+,111_hr1743,400162,rep
+,110_h1343,400179,rep
-,111_sc13,400121,rep
+,108_s703,400199,rep
-,110_hr453,400190,rep
+,111_hr863,400103,rep
0,108_h3723,400127,rep
+,109_h2563,400140,rep
+,109_hr283,400113,rep
-,111_hr1203,400196,rep
+,105_h4103,400110,rep
+,108_h4323,400113,rep
0,109_hr703,400149,rep
+,105_h2813,400138,rep
+,111_hc133,400163,rep
+,109_h3673,400110,rep
-,105_h2183,400123,rep
-,108_h253,400117,rep
+,109_h4843,400103,rep
+,105_h1003,400138,rep
-,111_sc13,400142,rep
-,109_h4893,400130,rep
0,111_hr1103,400182,rep
-,105_h4193,400100,rep
+,110_h5803,400103,rep
-,108_h2673,400170,rep
+,109_h3,400168,rep
+,108_hj83,400185,rep
+,110_hr233,400163,rep
0,109_h2563,400137,rep
-,110_hc293,400191,rep
-,106_hr263,400103,rep
+,109_hr623,400132,rep
+,111_hr1083,400177,rep
0,109_h683,400130,rep
+,108_h3313,400148,rep
-,110_hr403,400119,rep
+,110_hr1243,400175,rep
+,111_s3473,400177,rep
+,110_h1873,400189,rep
+,111_h4853,400147,rep
+,106_h833,400135,rep
+,108_s23,400121,rep
+,110_hr1173,400103,rep
+,109_hr703,400154,rep
0,109_hr673,400152,rep
-,109_h3893,400129,rep
+,111_s383,400103,rep
+,108_h1683,400103,rep
+,110_hr273,400111,rep
+,108_h3783,400189,rep
+,108_h3733,400138,rep
+,109_h3,400159,rep
-,108_h4663,400162,rep
+,111_h3183,400195,rep
+,103_h2493,400124,rep
+,109_h3283,400142,rep
-,105_sc3,400103,rep
-,110_h3773,400132,rep
+,106_s613,400142,rep
+,108_hc413,400147,rep
0,109_hr23,400124,rep
+,109_h2563,400193,rep
+,109_h5573,400174,rep
+,110_hr1063,400196,rep
+,105_h3853,400189,rep
+,108_hc423,400170,rep
+,110_hr923,400176,rep
+,106_h4163,400198,rep
+,108_hr723,400184,rep
-,101_h1463,400191,rep
+,110_hc203,400133,rep
+,110_s2403,400127,rep
+,110_s793,400186,rep
+,108_hc13,400188,rep
+,108_h5213,400116,rep
+,109_h5573,400192,rep
+,109_hr723,400182,rep
-,110_hr1083,400121,rep
+,109_h323,400147,rep
+,109_h5253,400149,rep
+,110_hr963,400121,rep
+,108_h4053,400189,rep
+,111_h5133,400170,rep
+,108_h5213,400130,rep
+,111_h4173,400140,rep
+,106_h853,400190,rep
+,108_hr473,400182,rep
+,109_h1053,400104,rep
+,111_hr1133,400147,rep
+,108_hr723,400196,rep
0,110_h6493,400160,rep
+,111_hr893,400179,rep
0,109_s403,400126,rep
+,110_h3963,400189,rep
0,110_h523,400182,rep
+,105_s1733,400186,rep
+,109_hr673,400134,rep
-,109_h2123,400122,rep
+,110_h1873,400169,rep
+,111_hc323,400116,rep
0,111_hr853,400140,rep
+,111_h5133,400152,rep
+,108_h923,400174,rep
-,109_h2863,400110,rep
+,108_hc403,400113,rep
+,109_hr323,400163,rep
-,110_h6063,400116,rep
-,108_h273,400187,rep
+,111_h5873,400175,rep
+,106_h4733,400180,rep
+,108_s23,400173,rep
+,106_h853,400154,rep
-,106_hj33,400189,rep
0,110_hr643,400178,rep
+,109_hr783,400123,rep
-,108_h163,400149,rep
+,103_h873,400166,rep
+,106_h3843,400130,rep
+,109_hr333,400157,rep
0,108_hr433,400197,rep
+,105_h2493,400116,rep
+,108_h743,400109,rep
+,108_h1683,400155,rep
+,111_h1253,400166,rep
+,110_hr1323,400184,rep
+,108_h5213,400122,rep
+,110_h6063,400160,rep
+,111_hr1743,400178,rep
+,108_hc13,400153,rep
+,105_hc133,400176,rep
+,109_hr553,400190,rep
+,111_s1793,400140,rep
+,110_hr1113,400179,rep
+,109_hr523,400133,rep
0,110_hr573,400170,rep
+,111_h4003,400111,rep
+,111_hr1213,400175,rep
+,111_h4173,400109,rep
-,105_h3,400189,rep
+,108_hr723,400125,rep
+,110_hr43,400189,rep
+,101_h5803,400188,rep
+,109_h5143,400124,rep
-,110_hr533,400123,rep
+,108_s703,400115,rep
+,109_h4843,400142,rep
+,109_hr323,400107,rep
+,106_h5203,400163,rep
-,110_hr1083,400191,rep
+,108_h1463,400187,rep
-,109_s403,400185,rep
+,106_h673,400106,rep
+,111_hc123,400196,rep
+,105_h2343,400198,rep
+,106_hj103,400153,rep
+,109_h1053,400193,rep
+,108_h4323,400173,rep
+,108_hj73,400193,rep
+,110_h6003,400178,rep
+,110_hr273,400127,rep
+,108_hr213,400187,rep
-,111_h1933,400134,rep
+,109_hr333,400150,rep
+,108_s763,400141,rep
-,108_h4663,400178,rep
-,110_h1593,400191,rep
+,111_h403,400130,rep
-,102_h5333,400169,rep
+,106_hr323,400190,rep
+,109_hr783,400172,rep
-,105_h2493,400178,rep
+,110_h6493,400198,rep
+,106_h3293,400189,rep
-,108_h163,400184,rep
+,102_h3033,400192,rep
+,111_hr153,400108,rep
+,111_hr863,400147,rep
+,108_h253,400131,rep
-,104_hr83,400166,rep
+,105_hr573,400110,rep
-,111_hc223,400108,rep
+,105_hr573,400121,rep
-,110_hc103,400191,rep
+,109_h5573,400164,rep
-,101_h4333,400176,rep
+,110_hr453,400163,rep
0,105_hc213,400153,rep
+,111_hr1103,400155,rep
0,108_h663,400135,rep
+,106_hj33,400148,rep
0,108_sc43,400146,rep
+,108_h3313,400183,rep
+,108_h1683,400122,rep
+,111_h4173,400110,rep
-,110_hr1103,400158,rep
+,106_h5203,400102,rep
+,106_hr103,400174,rep
+,109_h503,400173,rep
+,109_s2803,400103,rep
+,110_h3403,400177,rep
+,103_h2333,400133,rep
+,108_hr153,400168,rep
+,111_hr83,400162,rep
-,106_hr253,400186,rep
+,110_hr233,400141,rep
-,109_h4893,400111,rep
-,110_hr1253,400119,rep
+,110_hr1133,400140,rep
+,110_hr43,400180,rep
+,111_hr1543,400118,rep
+,103_h873,400149,rep
+,103_h2403,400189,rep
+,109_h1053,400141,rep
+,110_h6063,400119,rep
+,109_hr343,400100,rep
-,101_h4323,400104,rep
-,108_h4053,400187,rep
-,106_hr503,400130,rep
+,110_hr1323,400162,rep
-,106_hj103,400144,rep
+,111_h1933,400155,rep
+,110_h4343,400101,rep
+,109_hr673,400148,rep
+,105_hr283,400144,rep
+,110_hr933,400199,rep
+,106_hr273,400139,rep
0,109_s203,400127,rep
+,108_hc13,400195,rep
+,111_hr573,400129,rep
+,109_h5143,400178,rep
+,111_h5623,400137,rep
+,110_hr793,400133,rep
+,111_h1913,400101,rep
+,109_hr293,400123,rep
-,106_hj33,400181,rep
+,109_h3893,400175,rep
+,102_h3603,400109,rep
+,105_hr433,400161,rep
+,111_h4213,400166,rep
+,109_h1973,400104,rep
-,110_h1343,400134,rep
+,110_h6853,400160,rep
-,105_hr563,400112,rep
+,108_hj73,400188,rep
+,109_h4893,400174,rep
+,108_h1463,400174,rep
+,108_h2993,400165,rep
+,106_hr563,400154,rep
+,106_hc213,400139,rep
+,108_h273,400138,rep
+,111_hr543,400195,rep
+,111_h813,400144,rep
+,109_h6143,400163,rep
+,105_hc213,400114,rep
0,108_hc403,400134,rep
+,108_h1463,400104,rep
+,109_s403,400142,rep
+,109_h3,400109,rep
+,108_h1533,400104,rep
+,106_hr103,400188,rep
+,108_h3783,400112,rep
+,108_hr213,400162,rep
+,110_hr1133,400171,rep
-,109_hr783,400138,rep
+,110_h6063,400120,rep
-,110_h2643,400115,rep
+,109_h5013,400179,rep
-,108_hr153,400140,rep
+,111_s1963,400165,rep
+,105_h3433,400186,rep
0,108_h3493,400185,rep
+,109_h1463,400149,rep
0,106_hr563,400157,rep
0,110_h6493,400190,rep
-,108_hj83,400156,rep
+,110_h1143,400170,rep
-,106_hr273,400160,rep
+,111_hc323,400103,rep
+,105_h1663,400104,rep
-,111_h3123,400124,rep
-,108_h4503,400103,rep
+,108_s23,400164,rep
+,111_hr543,400110,rep
+,105_h2203,400178,rep
+,105_hr433,400142,rep
+,110_hr1243,400170,rep
+,111_h4003,400125,rep
+,109_hr803,400100,rep
+,109_h5573,400110,rep
+,111_hc223,400124,rep
+,108_h743,400137,rep
-,105_hr573,400163,rep
+,105_hc133,400163,rep
+,106_s2323,400170,rep
+,106_h193,400174,rep
+,108_h1683,400140,rep
+,109_h683,400170,rep
+,110_h493,400110,rep
-,103_h873,400154,rep
+,109_hr323,400154,rep
+,108_h923,400161,rep
+,105_h4103,400155,rep
+,105_sc3,400190,rep
+,101_h4333,400122,rep
+,111_h1243,400184,rep
-,110_h3043,400171,rep
+,110_hr1083,400110,rep
+,108_hr213,400180,rep
+,103_h4603,400191,rep
+,110_h1773,400180,rep
+,108_hr453,400134,rep
+,102_h3553,400143,rep
+,109_h683,400110,rep
0,108_hr423,400194,rep
+,105_hr143,400160,rep
+,111_hr573,400195,rep
+,110_h1593,400158,rep
+,111_h403,400141,rep
+,105_hc213,400101,rep
-,106_hr323,400106,rep
+,106_h3843,400178,rep
+,111_h4543,400107,rep
0,109_h1053,400179,rep
+,110_hr43,400153,rep
+,110_hr1173,400170,rep
+,110_hr293,400108,rep
-,110_hc293,400144,rep
+,108_s23,400148,rep
+,108_h3873,400163,rep
+,108_h4363,400138,rep
+,110_h6493,400182,rep
+,111_hc293,400198,rep
+,110_h1423,400155,rep
+,111_h3183,400193,rep
+,110_hr1173,400149,rep
+,105_h1853,400122,rep
+,109_h323,400149,rep
+,110_s2403,400180,rep
+,110_hr493,400137,rep
+,106_hr503,400188,rep
+,110_hr1243,400155,rep
+,109_s403,400107,rep
+,108_s763,400150,rep
+,111_sc43,400118,rep
+,110_h4253,400118,rep
0,110_hc193,400169,rep
+,109_h503,400107,rep
+,111_h5623,400171,rep
+,111_hr103,400111,rep
+,108_h1683,400181,rep
+,110_h6493,400119,rep
+,111_hr863,400114,rep
+,108_hr723,400158,rep
+,105_h1003,400114,rep
+,105_hr393,400157,rep
+,108_h2673,400118,rep
+,110_hr663,400139,rep
+,108_s273,400194,rep
+,108_h4363,400174,rep
+,109_h5683,400187,rep
+,108_h923,400182,rep
+,105_hr563,400197,rep
+,109_h5143,400176,rep
+,110_hr43,400182,rep
+,108_hc13,400122,rep
+,108_s23,400191,rep
-,109_h503,400171,rep
+,109_h683,400145,rep
-,110_hr383,400172,rep
+,110_hr663,400118,rep
+,109_h2863,400121,rep
+,109_h5253,400197,rep
+,105_h4193,400129,rep
-,106_hr423,400181,rep
0,111_hr853,400115,rep
-,111_h4173,400165,rep
+,108_sc43,400105,rep
+,110_h5613,400179,rep
+,110_h6633,400147,rep
+,106_hc213,400105,rep
+,108_hr453,400144,rep
+,111_hr893,400189,rep
+,110_hr923,400182,rep
+,110_hr1433,400101,rep
+,108_hr423,400167,rep
+,108_h1533,400118,rep
+,110_h513,400139,rep
+,109_h4893,400192,rep
+,109_hr803,400170,rep
+,106_hr253,400142,rep
-,110_hr793,400137,rep
+,108_h253,400185,rep
-,110_hr1253,400180,rep
+,111_hr103,400178,rep
+,110_h493,400185,rep
+,110_h3043,400193,rep
+,108_hc13,400111,rep
-,106_hr253,400112,rep
+,105_hr463,400154,rep
+,110_hr43,400118,rep
+,106_hj33,400194,rep
+,106_hr103,400156,rep
+,110_h4343,400151,rep
+,108_h4513,400139,rep
+,110_hc203,400193,rep
+,110_h3043,400195,rep
+,108_hc393,400117,rep
+,110_s793,400111,rep
+,110_h2693,400178,rep
0,110_h3793,400163,rep
0,111_sc13,400198,rep
+,110_h2643,400189,rep
+,111_hr43,400199,rep
-,108_h1463,400136,rep
0,108_s763,400131,rep
+,111_h4823,400189,rep
+,108_h5213,400165,rep
+,109_s403,400144,rep
+,108_hr213,400189,rep
+,108_h2443,400136,rep
+,110_hc103,400185,rep
+,109_hr193,400114,rep
+,108_sc43,400101,rep
+,108_h3493,400182,rep
+,111_hr43,400130,rep
+,106_hr253,400159,rep
+,111_hr153,400125,rep
+,111_s3473,400162,rep
+,105_h2863,400143,rep
+,111_s3473,400195,rep
+,108_h273,400119,rep
-,108_s23,400134,rep
+,109_hr623,400127,rep
+,105_h2343,400178,rep
-,108_h1463,400179,rep
+,111_h5873,400107,rep
+,111_h813,400133,rep
+,108_h2993,400109,rep
+,110_hr643,400141,rep
+,105_h4103,400116,rep
0,106_hc253,400179,rep
+,108_s763,400103,rep
+,106_h573,400179,rep
+,109_hr283,400144,rep
-,109_h4893,400183,rep
+,108_h1533,400113,rep
+,110_h3403,400122,rep
+,106_h673,400186,rep
+,111_hc163,400122,rep
+,105_h643,400138,rep
-,108_hc393,400163,rep
-,109_hr783,400124,rep
+,108_hc423,400187,rep
+,110_hr383,400184,rep
+,102_h5333,400122,rep
+,109_h5013,400174,rep
+,110_hc293,400183,rep
+,108_hr473,400117,rep
+,111_s1963,400107,rep
+,109_h6033,400119,rep
+,111_sc43,400163,rep
+,108_hc13,400103,rep
+,103_h4603,400166,rep
+,103_h2473,400183,rep
-,108_hj83,400197,rep
-,106_hr263,400101,rep
0,110_h513,400134,rep
+,106_hr423,400192,rep
+,111_hr413,400141,rep
+,110_s793,400113,rep
+,106_h5203,400157,rep
+,101_s933,400191,rep
0,110_hr933,400114,rep
+,111_h1933,400130,rep
+,110_hr643,400179,rep
+,109_h6143,400141,rep
+,109_hr523,400121,rep
+,109_hr193,400123,rep
-,110_h1483,400116,rep
-,102_h5653,400189,rep
+,105_h4193,400166,rep
+,111_hr1133,400103,rep
+,103_h4603,400150,rep
+,106_h3313,400159,rep
+,106_h573,400123,rep
+,101_h4333,400192,rep
0,110_h6853,400152,rep
+,108_hr713,400134,rep
+,108_h4613,400152,rep
+,102_h5503,400180,rep
+,111_hr1133,400157,rep
+,111_hr183,400151,rep
+,108_h4663,400196,rep
+,109_hr553,400148,rep
+,109_hr623,400191,rep
+,106_s613,400133,rep
+,111_s1793,400165,rep
+,108_h13,400107,rep
+,111_h813,400114,rep
+,111_hr1543,400196,rep
+,110_h3793,400198,rep
+,109_hr283,400150,rep
+,108_hr723,400181,rep
+,108_hr453,400102,rep
+,110_h2693,400193,rep
+,105_hr573,400176,rep
+,106_h4033,400161,rep
-,106_h3073,400105,rep
+,108_hr713,400132,rep
+,110_h4253,400154,rep
+,106_h3843,400192,rep
+,106_hr443,400182,rep
+,105_hc213,400123,rep
0,110_h1773,400163,rep
+,106_hr433,400164,rep
+,106_h3313,400170,rep
+,108_h3723,400172,rep
+,108_h2443,400147,rep
+,110_h4343,400165,rep
+,110_h1143,400193,rep
+,109_h5573,400160,rep
+,110_h1143,400137,rep
-,102_h3603,400115,rep
+,110_hr533,400163,rep
+,110_hr43,400140,rep
+,108_s3,400194,rep
+,111_h1243,400166,rep
+,111_h4853,400121,rep
+,105_sc3,400121,rep
+,110_hr233,400121,rep
+,111_h5873,400130,rep
0,109_h683,400139,rep
+,106_hc253,400138,rep
-,106_hr323,400100,rep
+,103_h4603,400129,rep
+,105_hr463,400161,rep
+,111_hr1083,400129,rep
+,110_hr1253,400118,rep
+,108_hr213,400157,rep
+,111_hr543,400166,rep
+,111_h2423,400118,rep
0,110_hr943,400113,rep
+,110_hr963,400144,rep
0,108_h5183,400167,rep
+,106_h193,400119,rep
-,106_hr323,400184,rep
+,111_hr153,400189,rep
+,110_hr1113,400151,rep
-,105_h2183,400164,rep
+,109_h683,400131,rep
-,110_hc103,400137,rep
+,106_hr273,400197,rep
-,106_hr273,400179,rep
+,111_hr413,400196,rep
-,108_h163,400122,rep
+,111_s383,400144,rep
+,110_hc193,400170,rep
-,108_h4663,400124,rep
+,108_sc43,400163,rep
+,110_h1593,400147,rep
+,108_s763,400139,rep
-,108_hj83,400160,rep
+,109_hr703,400183,rep
+,110_hr553,400180,rep
+,108_h3493,400190,rep
+,106_hr433,400191,rep
-,105_h2003,400144,rep
+,109_hr783,400132,rep
+,111_hr1003,400133,rep
+,103_h4453,400127,rep
+,111_hr593,400101,rep
+,110_h1143,400107,rep
+,108_h253,400134,rep
+,106_hr443,400105,rep
+,111_h1933,400119,rep
+,111_hr43,400115,rep
-,102_s323,400192,rep
+,110_h1423,400178,rep
+,109_hr523,400199,rep
-,109_s403,400110,rep
+,105_h2343,400125,rep
+,110_hr963,400145,rep
+,110_hr793,400195,rep
+,108_hr423,400185,rep
+,111_hr1083,400130,rep
+,109_hr193,400100,rep
+,111_hr1213,400133,rep
-,108_h4663,400109,rep
0,109_hr323,400120,rep
+,107_hj113,400135,rep
+,111_h4853,400194,sen
+,108_hr713,400168,rep
+,106_hr303,400174,rep
+,108_h13,400147,rep
0,106_hc213,400130,rep
+,111_sc43,400147,rep
+,109_h5573,400120,rep
+,108_h4613,400150,rep
+,110_h6853,400132,rep
+,111_hr413,400116,rep
+,111_h3993,400137,rep
+,110_hr403,400110,rep
+,111_h4003,400119,rep
+,106_h3843,400186,rep
0,108_hc423,400123,rep
+,102_h3543,400140,rep
+,108_h5213,400184,rep
+,105_hr433,400189,rep
+,111_h3293,400124,rep
+,110_h6493,400196,rep
-,101_h4793,400191,rep
+,105_h4103,400157,rep
0,108_h3733,400127,rep
+,108_s3,400113,rep
0,105_hr143,400166,rep
+,101_h743,400165,rep
+,106_h1993,400142,rep
+,111_hr1543,400134,rep
+,111_s383,400107,rep
+,108_h2443,400165,rep
+,108_h4053,400180,rep
-,106_hj103,400161,rep
+,106_h4733,400152,rep
+,105_h1853,400129,rep
+,105_hr393,400197,rep
+,105_h4103,400171,rep
+,108_hc403,400126,rep
-,106_h853,400133,rep
-,108_h163,400154,rep
+,109_hr703,400136,rep
+,111_hr863,400198,rep
-,108_hj83,400194,rep
+,111_h3183,400178,rep
+,111_hr453,400110,rep
+,109_h2563,400136,rep
-,109_h3,400175,rep
+,111_h4853,400102,rep
+,110_hr1083,400100,rep
+,109_h5143,400114,rep
+,108_hr433,400182,rep
+,110_h923,400189,rep
+,108_hc13,400186,rep
+,103_h4003,400118,rep
+,105_hr573,400180,rep
+,108_hc13,400161,rep
+,109_h2863,400183,rep
+,108_h923,400175,rep
+,108_h743,400193,rep
+,106_hr443,400135,rep
-,111_h4853,400145,rep
+,111_hr673,400109,rep
+,105_h2493,400127,rep
+,108_h2673,400107,rep
+,110_h513,400177,rep
+,105_h4103,400101,rep
+,103_h2493,400100,rep
+,109_hr323,400114,rep
+,101_h743,400104,rep
+,106_s2323,400183,rep
+,108_h3313,400116,rep
+,109_hr673,400109,rep
+,108_s763,400109,rep
+,110_h1143,400115,rep
+,106_h573,400142,rep
+,106_h1883,400140,rep
0,111_h3763,400162,rep
+,110_h5803,400163,rep
+,102_h3553,400118,rep
-,106_hr273,400109,rep
-,108_hc393,400181,rep
+,110_h2563,400127,rep
+,110_hr533,400120,rep
+,108_h3723,400123,rep
+,108_hc13,400131,rep
+,111_hr863,400193,rep
+,106_s613,400110,rep
-,103_h2333,400104,rep
+,106_hc253,400116,rep
+,103_h873,400122,rep
+,111_h403,400114,rep
+,108_h743,400116,rep
+,110_hr1243,400124,rep
+,111_hr1313,400152,rep
-,110_h3963,400105,sen
+,103_h3433,400106,rep
+,110_h363,400160,rep
-,111_h5993,400182,rep
+,111_hc163,400165,rep
+,108_h1463,400142,rep
-,110_hr203,400145,rep
+,108_h2443,400168,rep
+,110_h3403,400151,rep
+,108_h2993,400121,rep
+,108_h273,400197,rep
+,110_h2693,400152,rep
+,106_h4733,400176,rep
-,106_hr323,400143,rep
-,108_h2673,400129,rep
+,110_hr1133,400180,rep
+,111_hr43,400184,rep
+,109_h6033,400151,rep
+,109_h6033,400103,rep
-,105_hr383,400179,rep
+,110_hr403,400170,rep
+,106_h833,400157,rep
+,106_hr103,400154,rep
+,109_hr673,400122,rep
+,108_h1463,400172,rep
+,109_hr553,400127,rep
-,106_h853,400138,rep
0,108_hc403,400139,rep
0,102_s323,400155,rep
+,110_h1593,400131,rep
+,106_h3843,400143,rep
-,108_hc393,400130,rep
+,111_h4173,400122,rep
+,111_h1913,400111,rep
+,108_h2143,400155,rep
+,110_hr1173,400130,rep
-,103_h3433,400117,rep
+,110_h2693,400162,rep
+,110_h6063,400142,rep
-,110_hr793,400119,rep
-,110_hr1433,400139,rep
+,111_hr863,400183,rep
+,101_h5803,400144,rep
0,109_hr333,400123,rep
+,110_hr453,400198,rep
+,110_hr1323,400185,rep
+,108_hr423,400155,rep
+,110_h3793,400184,rep
+,106_hr433,400180,rep
+,103_h2473,400150,rep
+,110_hr923,400125,rep
-,106_hj103,400194,rep
+,106_h3073,400184,rep
+,110_hr493,400171,rep
+,111_hr1003,400129,rep
+,111_s3473,400160,rep
+,108_h3193,400172,rep
+,110_hr1363,400178,rep
-,110_hr683,400172,rep
+,105_hc213,400163,rep
+,110_hr403,400101,rep
+,105_h3433,400123,rep
+,110_h3793,400140,rep
+,108_h3313,400117,rep
-,111_hc223,400142,rep
+,108_hr853,400195,rep
+,105_h2203,400156,rep
+,110_hr573,400101,rep
-,103_h3433,400154,rep
+,108_h4513,400108,rep
+,110_hc193,400127,rep
+,111_sc43,400122,rep
+,109_h2863,400108,rep
+,110_h1873,400155,rep
-,105_h3,400126,rep
+,105_h1853,400156,rep
+,105_h2203,400171,rep
+,106_hr433,400189,rep
+,106_hr503,400174,rep
+,108_h4053,400118,rep
+,109_h5573,400180,rep
+,108_h2673,400132,rep
+,108_h4363,400195,rep
+,110_h493,400157,rep
+,106_hr433,400183,rep
0,109_hr783,400126,rep
+,109_hr723,400154,rep
+,110_hr663,400169,rep
+,106_h3073,400149,rep
0,111_hr593,400163,rep
0,109_h2123,400179,rep
+,110_hr293,400142,rep
-,110_h5563,400172,rep
+,110_hr1253,400162,rep
0,110_h2563,400158,rep
+,110_h1423,400121,rep
-,108_h3313,400133,rep
-,110_h5563,400180,rep
-,110_hr533,400158,rep
+,110_h6003,400129,rep
+,109_h3,400149,rep
+,106_h4583,400139,rep
-,108_hj83,400149,rep
+,111_h4003,400124,rep
+,111_hr543,400116,rep
+,111_h813,400175,rep
+,110_h1343,400180,rep
+,105_h1663,400122,rep
+,111_h1053,400189,rep
+,110_s793,400182,rep
+,111_hr1173,400107,rep
+,105_h2343,400165,rep
+,110_h3963,400125,rep
+,108_h923,400136,rep
+,105_h2883,400171,rep
+,108_h5213,400103,rep
+,106_hc253,400122,rep
+,111_s1793,400133,rep
+,109_h513,400136,rep
+,110_hr293,400129,rep
-,108_h163,400193,rep
+,109_h6143,400162,rep
+,110_hr493,400142,rep
+,109_h1973,400152,rep
+,105_hc213,400191,rep
+,111_h403,400189,rep
+,111_hr1713,400189,rep
-,103_h2403,400165,rep
+,109_hr283,400148,rep
+,110_h4343,400124,rep
+,109_h5683,400125,rep
-,105_hr433,400109,rep
+,110_hr43,400137,rep
+,102_s323,400143,rep
+,106_hc213,400188,rep
+,109_h3,400122,rep
+,110_hr1433,400178,rep
+,105_h1853,400187,rep
+,111_h1253,400111,rep
+,110_hr43,400149,rep
+,109_h3,400152,rep
+,110_h2563,400118,rep
+,109_hr723,400125,rep
+,110_hr933,400118,rep
+,109_h4973,400150,rep
+,111_hr1713,400101,rep
+,109_hr803,400144,rep
+,111_hc93,400122,rep
-,108_h163,400176,rep
+,106_hr433,400198,rep
+,108_s273,400199,rep
+,109_hr673,400132,rep
+,111_hr1203,400129,rep
+,111_h5013,400199,rep
+,108_h3723,400196,rep
+,111_h1243,400196,rep
+,111_hr453,400142,rep
-,106_hj103,400155,rep
+,110_hc203,400199,rep
+,111_h3993,400147,rep
+,110_h3093,400129,rep
-,111_h4003,400144,rep
+,108_h3723,400117,rep
+,106_h4163,400163,rep
+,110_s793,400170,rep
+,110_h3773,400184,rep
+,110_h3793,400122,rep
+,110_h2693,400189,rep
+,111_s1963,400102,rep
-,109_hr623,400133,rep
+,108_hc423,400133,rep
+,109_hr23,400189,rep
+,106_h833,400183,rep
+,106_h673,400138,rep
+,105_hr573,400192,rep
-,105_h2883,400199,rep
+,111_hr1513,400160,rep
+,111_h3123,400119,rep
-,106_h3073,400182,rep
+,111_h1253,400109,rep
+,106_hc213,400142,rep
+,111_hc323,400118,rep
+,111_hc163,400184,rep
+,111_hc163,400118,rep
+,109_h5143,400191,rep
-,111_h3123,400100,rep
+,109_h323,400136,rep
+,105_hr563,400115,rep
+,108_hr853,400116,rep
+,111_h1053,400101,rep
-,111_h4853,400199,rep
-,110_hr403,400144,rep
+,110_h6063,400147,rep
+,110_hr943,400101,rep
+,108_hr853,400122,rep
-,108_hr153,400193,rep
-,106_h853,400150,rep
-,110_hr1103,400175,rep
+,111_hr903,400177,rep
+,106_hr443,400176,rep
+,110_h1773,400157,rep
+,103_h2333,400118,rep
+,103_h873,400155,rep
0,108_h1533,400112,rep
+,106_h1883,400126,rep
+,108_h3723,400148,rep
+,108_hc373,400154,rep
+,105_h2203,400174,rep
+,108_h1533,400159,rep
+,111_h3763,400141,rep
+,109_h3673,400150,rep
+,111_h5133,400118,rep
-,103_h2493,400113,rep
+,108_h4363,400178,rep
+,109_hr23,400175,rep
-,106_hr563,400118,rep
-,106_h2723,400139,rep
-,110_h1593,400171,rep
+,106_h573,400106,rep
-,105_hr573,400102,rep
+,108_h1683,400165,rep
+,106_h1993,400121,rep
-,111_h3183,400144,rep
+,108_hr153,400150,rep
0,110_h3793,400170,rep
+,108_h4363,400129,rep
+,110_h1143,400171,rep
+,108_h4363,400193,rep
-,106_hr423,400170,rep
+,108_h3493,400125,rep
0,106_h4033,400122,rep
+,110_hc203,400157,rep
+,110_h3,400115,rep
+,109_hr283,400180,rep
+,105_hr563,400161,rep
+,109_s403,400137,rep
-,110_h5803,400137,rep
+,109_hr323,400136,rep
+,108_hr453,400162,rep
-,108_hr473,400118,rep
+,110_h3773,400198,rep
+,108_hc413,400120,rep
+,109_h3,400124,rep
+,110_h3,400122,rep
-,108_s3,400185,rep
+,105_hr433,400186,rep
+,108_h13,400184,rep
+,106_h4583,400113,rep
+,105_hr283,400156,rep
+,109_hc483,400182,rep
+,109_h2563,400100,rep
+,111_hr153,400184,rep
+,108_h273,400182,rep
-,108_h163,400194,rep
-,106_h2723,400121,rep
+,108_hc413,400113,rep
+,111_hr1513,400109,rep
+,108_h2993,400133,rep
-,109_hc483,400160,rep
+,106_hr443,400172,rep
-,108_h2673,400120,rep
+,109_hr343,400137,rep
+,108_h2443,400151,rep
+,111_s383,400109,rep
+,108_h2993,400171,rep
+,106_h3843,400150,rep
+,110_h923,400134,rep
+,111_h1913,400142,rep
+,105_hr393,400121,rep
+,111_hr1133,400115,rep
0,109_h3283,400107,rep
+,106_h573,400153,rep
+,105_sc3,400107,rep
+,110_h363,400118,rep
+,109_s2803,400198,rep
-,104_hr273,400122,rep
+,111_h403,400142,rep
+,110_hr1103,400178,rep
+,110_hr1253,400186,rep
+,110_h3,400179,rep
+,105_hc213,400192,rep
+,109_hr553,400133,rep
-,102_s3,400165,rep
+,103_h2403,400100,rep
+,108_h1533,400143,rep
-,106_h853,400124,rep
+,111_h1053,400111,rep
0,105_h2883,400146,rep
-,109_h4893,400166,rep
+,110_hr553,400199,rep
+,108_hr433,400175,rep
+,108_h3733,400149,rep
+,109_hr703,400178,rep
+,111_hr893,400141,rep
+,109_hr783,400147,rep
+,108_hj83,400193,rep
-,111_h3123,400179,rep
+,110_hr1363,400170,rep
-,111_hc293,400119,rep
+,106_hc213,400103,rep
+,109_h3893,400182,rep
+,106_hr303,400104,rep
-,105_h2003,400130,rep
+,108_h3873,400193,rep
0,106_h853,400122,rep
+,111_h4003,400100,rep
+,108_h743,400163,rep
+,110_hr43,400175,rep
0,111_sc43,400189,rep
+,110_hr553,400113,rep
-,111_hr653,400175,rep
+,106_h673,400129,rep
+,108_hc413,400145,rep
+,109_h503,400198,rep
+,109_h503,400163,rep
0,108_s273,400186,rep
+,108_hc83,400190,rep
-,105_hr393,400183,rep
+,111_hr153,400110,rep
+,110_hr963,400134,rep
+,105_hr573,400164,rep
-,108_h163,400163,rep
+,105_hr463,400101,rep
+,108_s273,400150,rep
+,106_h3313,400174,rep
0,110_h1773,400191,rep
0,105_h3963,400161,rep
+,102_h3543,400143,rep
+,111_h4543,400179,rep
+,111_hr103,400165,rep
-,111_hr1203,400134,rep
